#
# There is insufficient memory for the Java Runtime Environment to continue.
# Native memory allocation (malloc) failed to allocate 2046416 bytes for Chunk::new
# Possible reasons:
#   The system is out of physical RAM or swap space
#   The process is running with CompressedOops enabled, and the Java Heap may be blocking the growth of the native heap
# Possible solutions:
#   Reduce memory load on the system
#   Increase physical memory or swap space
#   Check if swap backing store is full
#   Decrease Java heap size (-Xmx/-Xms)
#   Decrease number of Java threads
#   Decrease Java thread stack sizes (-Xss)
#   Set larger code cache with -XX:ReservedCodeCacheSize=
#   JVM is running with Unscaled Compressed Oops mode in which the Java heap is
#     placed in the first 4GB address space. The Java Heap base address is the
#     maximum limit for the native heap growth. Please use -XX:HeapBaseMinAddress
#     to set the Java Heap base and to place the Java Heap above 4GB virtual address.
# This output file may be truncated or incomplete.
#
#  Out of Memory Error (arena.cpp:189), pid=920, tid=14496
#
# JRE version: OpenJDK Runtime Environment (17.0.6) (build 17.0.6+0-b2043.56-10027231)
# Java VM: OpenJDK 64-Bit Server VM (17.0.6+0-b2043.56-10027231, mixed mode, tiered, compressed oops, compressed class ptrs, g1 gc, windows-amd64)
# No core dump will be written. Minidumps are not enabled by default on client versions of Windows
#

---------------  S U M M A R Y ------------

Command Line: --add-opens=java.base/java.util=ALL-UNNAMED --add-opens=java.base/java.lang=ALL-UNNAMED --add-opens=java.base/java.lang.invoke=ALL-UNNAMED --add-opens=java.prefs/java.util.prefs=ALL-UNNAMED --add-opens=java.base/java.nio.charset=ALL-UNNAMED --add-opens=java.base/java.net=ALL-UNNAMED --add-opens=java.base/java.util.concurrent.atomic=ALL-UNNAMED -Xmx2048m -Dfile.encoding=UTF-8 -Duser.country=BR -Duser.language=pt -Duser.variant org.gradle.launcher.daemon.bootstrap.GradleDaemon 8.0

Host: 11th Gen Intel(R) Core(TM) i5-1145G7 @ 2.60GHz, 8 cores, 15G,  Windows 11 , 64 bit Build 26100 (10.0.26100.7309)
Time: Thu Apr  9 16:20:12 2026 Hora oficial do Brasil elapsed time: 917.975770 seconds (0d 0h 15m 17s)

---------------  T H R E A D  ---------------

Current thread (0x0000014cdd3848b0):  JavaThread "C2 CompilerThread0" daemon [_thread_in_native, id=14496, stack(0x000000031bd00000,0x000000031be00000)]


Current CompileTask:
C2: 917975 22819       4       org.gradle.api.internal.artifacts.ivyservice.modulecache.InMemoryModuleMetadataCache::get (52 bytes)

Stack: [0x000000031bd00000,0x000000031be00000]
Native frames: (J=compiled Java code, j=interpreted, Vv=VM code, C=native code)
V  [jvm.dll+0x683c9a]
V  [jvm.dll+0x8427a4]
V  [jvm.dll+0x843f9e]
V  [jvm.dll+0x844603]
V  [jvm.dll+0x249b75]
V  [jvm.dll+0xabcac]
V  [jvm.dll+0xac27c]
V  [jvm.dll+0x368802]
V  [jvm.dll+0x332f31]
V  [jvm.dll+0x3323da]
V  [jvm.dll+0x21c201]
V  [jvm.dll+0x21b621]
V  [jvm.dll+0x1a4fdd]
V  [jvm.dll+0x22b098]
V  [jvm.dll+0x229159]
V  [jvm.dll+0x7f81ec]
V  [jvm.dll+0x7f274a]
V  [jvm.dll+0x682ad5]
C  [ucrtbase.dll+0x37b0]
C  [KERNEL32.DLL+0x2e8d7]
C  [ntdll.dll+0x8c53c]


---------------  P R O C E S S  ---------------

Threads class SMR info:
_java_thread_list=0x0000014ce55103f0, length=144, elements={
0x0000014cc140b080, 0x0000014cdd18e5c0, 0x0000014cdd18f080, 0x0000014cdd188d30,
0x0000014cdd1895f0, 0x0000014cdd383400, 0x0000014cdd383cc0, 0x0000014cdd3848b0,
0x0000014cdd38b1d0, 0x0000014cdd38bad0, 0x0000014cdd4a6c90, 0x0000014cdd52bd90,
0x0000014ce0e85940, 0x0000014ce02b3480, 0x0000014ce02b5c30, 0x0000014cded0f4c0,
0x0000014cded0fe60, 0x0000014cded10330, 0x0000014cded0eff0, 0x0000014ce0e09ed0,
0x0000014ce0e09060, 0x0000014ce0e0b210, 0x0000014ce0e0b6e0, 0x0000014ce0e0cef0,
0x0000014ce0e0d3c0, 0x0000014ce0e09a00, 0x0000014ce0e0fa40, 0x0000014ce0e0ff10,
0x0000014ce39986d0, 0x0000014ce3998ba0, 0x0000014ce3999540, 0x0000014ce038e820,
0x0000014ce5d15ce0, 0x0000014cded0eb20, 0x0000014cde276a10, 0x0000014ce3b982b0,
0x0000014cebac0ae0, 0x0000014cea4924c0, 0x0000014ce3b99f90, 0x0000014ce3992b60,
0x0000014ce07cec10, 0x0000014cea490310, 0x0000014ce07cbbf0, 0x0000014cebac1950,
0x0000014cebac27c0, 0x0000014ce3b98780, 0x0000014ce3b99ac0, 0x0000014ce3b98c50,
0x0000014ce578b950, 0x0000014cec341430, 0x0000014ce59a1c50, 0x0000014cea492e60,
0x0000014cea490cb0, 0x0000014cea491650, 0x0000014ce3ed8070, 0x0000014ce3ed8540,
0x0000014ce3ed5520, 0x0000014ce3ed59f0, 0x0000014ce3ed5ec0, 0x0000014ce3ed6390,
0x0000014ce3ed6860, 0x0000014ce3ed6d30, 0x0000014ce3ed76d0, 0x0000014ce04aede0,
0x0000014ce04ae440, 0x0000014ce04ae910, 0x0000014ce19dd870, 0x0000014ce19de6e0,
0x0000014ce19ddd40, 0x0000014ce19df080, 0x0000014ce19df550, 0x0000014ce19dd3a0,
0x0000014ce19debb0, 0x0000014ce19dfa20, 0x0000014ce19dc060, 0x0000014ce19dc530,
0x0000014ce19dca00, 0x0000014ce19dced0, 0x0000014ce19de210, 0x0000014ce5d15340,
0x0000014ce5d13b30, 0x0000014ce5d14000, 0x0000014ce5d144d0, 0x0000014ce5d149a0,
0x0000014ce5d14e70, 0x0000014ce5d16680, 0x0000014ce5d15810, 0x0000014ce5d161b0,
0x0000014ce5d13190, 0x0000014ce5d16b50, 0x0000014ce5cfcfd0, 0x0000014ce5cfc630,
0x0000014ce203df90, 0x0000014ce203e460, 0x0000014ce203b440, 0x0000014ce203dac0,
0x0000014ce203e930, 0x0000014ce203cc50, 0x0000014ce203d5f0, 0x0000014ce203bde0,
0x0000014ce203d120, 0x0000014ce203af70, 0x0000014ce203b910, 0x0000014ce203c2b0,
0x0000014ce203c780, 0x0000014ce7c2b950, 0x0000014ce7c2d630, 0x0000014ce7c2cc90,
0x0000014ce7c2dfd0, 0x0000014ce7c2db00, 0x0000014ce7c2c7c0, 0x0000014ce7c2c2f0,
0x0000014ce7c2d160, 0x0000014ce7c2e4a0, 0x0000014ce7c2afb0, 0x0000014ce7c2e970,
0x0000014ce7c2b480, 0x0000014ce7c2be20, 0x0000014ce5cdb7f0, 0x0000014ce5cdece0,
0x0000014ce5cdd4d0, 0x0000014ce5cdc660, 0x0000014ce5cdcb30, 0x0000014ce5cdbcc0,
0x0000014ce5cdf1b0, 0x0000014ce5cdde70, 0x0000014ce5cde340, 0x0000014ce5cdc190,
0x0000014ce5cdd000, 0x0000014ce5cdd9a0, 0x0000014ce5cde810, 0x0000014ce05efc90,
0x0000014ce05f0fd0, 0x0000014ce05f14a0, 0x0000014cea493330, 0x0000014cea491ff0,
0x0000014cde0e9730, 0x0000014cde0ea0d0, 0x0000014cde0eb410, 0x0000014cde0ea5a0,
0x0000014ce3994840, 0x0000014ce39939d0, 0x0000014ce3993500, 0x0000014cde0eb8e0
}

Java Threads: ( => current thread )
  0x0000014cc140b080 JavaThread "main" [_thread_blocked, id=2960, stack(0x000000031b000000,0x000000031b100000)]
  0x0000014cdd18e5c0 JavaThread "Reference Handler" daemon [_thread_blocked, id=3200, stack(0x000000031b700000,0x000000031b800000)]
  0x0000014cdd18f080 JavaThread "Finalizer" daemon [_thread_blocked, id=4476, stack(0x000000031b800000,0x000000031b900000)]
  0x0000014cdd188d30 JavaThread "Signal Dispatcher" daemon [_thread_blocked, id=7252, stack(0x000000031b900000,0x000000031ba00000)]
  0x0000014cdd1895f0 JavaThread "Attach Listener" daemon [_thread_blocked, id=2732, stack(0x000000031ba00000,0x000000031bb00000)]
  0x0000014cdd383400 JavaThread "Service Thread" daemon [_thread_blocked, id=14964, stack(0x000000031bb00000,0x000000031bc00000)]
  0x0000014cdd383cc0 JavaThread "Monitor Deflation Thread" daemon [_thread_blocked, id=16752, stack(0x000000031bc00000,0x000000031bd00000)]
=>0x0000014cdd3848b0 JavaThread "C2 CompilerThread0" daemon [_thread_in_native, id=14496, stack(0x000000031bd00000,0x000000031be00000)]
  0x0000014cdd38b1d0 JavaThread "C1 CompilerThread0" daemon [_thread_blocked, id=16168, stack(0x000000031be00000,0x000000031bf00000)]
  0x0000014cdd38bad0 JavaThread "Sweeper thread" daemon [_thread_blocked, id=12716, stack(0x000000031bf00000,0x000000031c000000)]
  0x0000014cdd4a6c90 JavaThread "Common-Cleaner" daemon [_thread_blocked, id=12180, stack(0x000000031c000000,0x000000031c100000)]
  0x0000014cdd52bd90 JavaThread "Notification Thread" daemon [_thread_blocked, id=16680, stack(0x000000031c100000,0x000000031c200000)]
  0x0000014ce0e85940 JavaThread "Daemon health stats" [_thread_blocked, id=16280, stack(0x000000031c900000,0x000000031ca00000)]
  0x0000014ce02b3480 JavaThread "Incoming local TCP Connector on port 52550" [_thread_in_native, id=17020, stack(0x000000031ca00000,0x000000031cb00000)]
  0x0000014ce02b5c30 JavaThread "Daemon periodic checks" [_thread_blocked, id=15796, stack(0x000000031cb00000,0x000000031cc00000)]
  0x0000014cded0f4c0 JavaThread "Cache worker for journal cache (C:\Users\alunoinfo.DESKTOP-FFTGG6Q\.gradle\caches\journal-1)" [_thread_blocked, id=14680, stack(0x000000031d600000,0x000000031d700000)]
  0x0000014cded0fe60 JavaThread "File lock request listener" [_thread_in_native, id=16468, stack(0x000000031d700000,0x000000031d800000)]
  0x0000014cded10330 JavaThread "Cache worker for file hash cache (C:\Users\alunoinfo.DESKTOP-FFTGG6Q\.gradle\caches\8.0\fileHashes)" [_thread_blocked, id=12020, stack(0x000000031d800000,0x000000031d900000)]
  0x0000014cded0eff0 JavaThread "File watcher server" daemon [_thread_in_native, id=3308, stack(0x000000031da00000,0x000000031db00000)]
  0x0000014ce0e09ed0 JavaThread "File watcher consumer" daemon [_thread_blocked, id=5860, stack(0x000000031db00000,0x000000031dc00000)]
  0x0000014ce0e09060 JavaThread "Cache worker for file content cache (C:\Users\alunoinfo.DESKTOP-FFTGG6Q\.gradle\caches\8.0\fileContent)" [_thread_blocked, id=7372, stack(0x000000031de00000,0x000000031df00000)]
  0x0000014ce0e0b210 JavaThread "Cache worker for execution history cache (C:\Users\alunoinfo.DESKTOP-FFTGG6Q\.gradle\caches\8.0\executionHistory)" [_thread_blocked, id=14508, stack(0x000000031e100000,0x000000031e200000)]
  0x0000014ce0e0b6e0 JavaThread "jar transforms" [_thread_blocked, id=7800, stack(0x000000031e200000,0x000000031e300000)]
  0x0000014ce0e0cef0 JavaThread "jar transforms Thread 2" [_thread_blocked, id=12676, stack(0x000000031e300000,0x000000031e400000)]
  0x0000014ce0e0d3c0 JavaThread "Cache worker for kotlin-dsl (C:\Users\alunoinfo.DESKTOP-FFTGG6Q\.gradle\caches\8.0\kotlin-dsl)" [_thread_blocked, id=10556, stack(0x000000031e400000,0x000000031e500000)]
  0x0000014ce0e09a00 JavaThread "jar transforms Thread 3" [_thread_blocked, id=4948, stack(0x000000031e500000,0x000000031e600000)]
  0x0000014ce0e0fa40 JavaThread "jar transforms Thread 4" [_thread_blocked, id=14364, stack(0x000000031e600000,0x000000031e700000)]
  0x0000014ce0e0ff10 JavaThread "jar transforms Thread 5" [_thread_blocked, id=3116, stack(0x000000031e900000,0x000000031ea00000)]
  0x0000014ce39986d0 JavaThread "jar transforms Thread 6" [_thread_blocked, id=6016, stack(0x0000000323a00000,0x0000000323b00000)]
  0x0000014ce3998ba0 JavaThread "jar transforms Thread 7" [_thread_blocked, id=10920, stack(0x0000000323b00000,0x0000000323c00000)]
  0x0000014ce3999540 JavaThread "jar transforms Thread 8" [_thread_blocked, id=2200, stack(0x0000000323c00000,0x0000000323d00000)]
  0x0000014ce038e820 JavaThread "Memory manager" [_thread_blocked, id=10832, stack(0x0000000323e00000,0x0000000323f00000)]
  0x0000014ce5d15ce0 JavaThread "Cache worker for Java compile cache (C:\Users\alunoinfo.DESKTOP-FFTGG6Q\.gradle\caches\8.0\javaCompile)" [_thread_blocked, id=9692, stack(0x0000000325500000,0x0000000325600000)]
  0x0000014cded0eb20 JavaThread "ForkJoinPool.commonPool-worker-11" daemon [_thread_blocked, id=8600, stack(0x0000000325f00000,0x0000000326000000)]
  0x0000014cde276a10 JavaThread "ForkJoinPool.commonPool-worker-12" daemon [_thread_blocked, id=7560, stack(0x0000000326000000,0x0000000326100000)]
  0x0000014ce3b982b0 JavaThread "Daemon Thread 5" [_thread_blocked, id=14944, stack(0x000000031ae00000,0x000000031af00000)]
  0x0000014cebac0ae0 JavaThread "Daemon worker Thread 5" [_thread_blocked, id=13436, stack(0x000000031cc00000,0x000000031cd00000)]
  0x0000014cea4924c0 JavaThread "included builds" [_thread_blocked, id=15004, stack(0x0000000323800000,0x0000000323900000)]
  0x0000014ce3b99f90 JavaThread "ForkJoinPool.commonPool-worker-16" daemon [_thread_blocked, id=14640, stack(0x0000000325c00000,0x0000000325d00000)]
  0x0000014ce3992b60 JavaThread "ForkJoinPool.commonPool-worker-17" daemon [_thread_blocked, id=6200, stack(0x0000000325d00000,0x0000000325e00000)]
  0x0000014ce07cec10 JavaThread "ForkJoinPool.commonPool-worker-18" daemon [_thread_blocked, id=11676, stack(0x0000000325e00000,0x0000000325f00000)]
  0x0000014cea490310 JavaThread "ForkJoinPool.commonPool-worker-19" daemon [_thread_blocked, id=3524, stack(0x0000000326100000,0x0000000326200000)]
  0x0000014ce07cbbf0 JavaThread "ForkJoinPool.commonPool-worker-20" daemon [_thread_blocked, id=7204, stack(0x0000000326200000,0x0000000326300000)]
  0x0000014cebac1950 JavaThread "Handler for socket connection from /127.0.0.1:52550 to /127.0.0.1:50011" [_thread_in_native, id=4880, stack(0x000000031af00000,0x000000031b000000)]
  0x0000014cebac27c0 JavaThread "Cancel handler" [_thread_blocked, id=12436, stack(0x000000031c300000,0x000000031c400000)]
  0x0000014ce3b98780 JavaThread "Asynchronous log dispatcher for DefaultDaemonConnection: socket connection from /127.0.0.1:52550 to /127.0.0.1:50011" [_thread_blocked, id=16500, stack(0x000000031cd00000,0x000000031ce00000)]
  0x0000014ce3b99ac0 JavaThread "Stdin handler" [_thread_blocked, id=4600, stack(0x000000031ce00000,0x000000031cf00000)]
  0x0000014ce3b98c50 JavaThread "Daemon client event forwarder" [_thread_blocked, id=1104, stack(0x000000031cf00000,0x000000031d000000)]
  0x0000014ce578b950 JavaThread "Cache worker for checksums cache (C:\Users\alunoinfo.DESKTOP-FFTGG6Q\AndroidStudioProjects\Aula_09_04_26\.gradle\8.0\checksums)" [_thread_blocked, id=12820, stack(0x000000031d000000,0x000000031d100000)]
  0x0000014cec341430 JavaThread "Cache worker for cache directory md-rule (C:\Users\alunoinfo.DESKTOP-FFTGG6Q\.gradle\caches\8.0\md-rule)" [_thread_blocked, id=7360, stack(0x000000031d100000,0x000000031d200000)]
  0x0000014ce59a1c50 JavaThread "Cache worker for file hash cache (C:\Users\alunoinfo.DESKTOP-FFTGG6Q\AndroidStudioProjects\Aula_09_04_26\.gradle\8.0\fileHashes)" [_thread_blocked, id=12932, stack(0x000000031d200000,0x000000031d300000)]
  0x0000014cea492e60 JavaThread "Cache worker for cache directory md-supplier (C:\Users\alunoinfo.DESKTOP-FFTGG6Q\.gradle\caches\8.0\md-supplier)" [_thread_blocked, id=16312, stack(0x000000031d900000,0x000000031da00000)]
  0x0000014cea490cb0 JavaThread "Cache worker for dependencies-accessors (C:\Users\alunoinfo.DESKTOP-FFTGG6Q\AndroidStudioProjects\Aula_09_04_26\.gradle\8.0\dependencies-accessors)" [_thread_blocked, id=8284, stack(0x000000031dc00000,0x000000031dd00000)]
  0x0000014cea491650 JavaThread "Cache worker for Build Output Cleanup Cache (C:\Users\alunoinfo.DESKTOP-FFTGG6Q\AndroidStudioProjects\Aula_09_04_26\.gradle\buildOutputCleanup)" [_thread_blocked, id=1504, stack(0x000000031dd00000,0x000000031de00000)]
  0x0000014ce3ed8070 JavaThread "Unconstrained build operations" [_thread_blocked, id=3872, stack(0x000000031df00000,0x000000031e000000)]
  0x0000014ce3ed8540 JavaThread "Unconstrained build operations Thread 2" [_thread_blocked, id=3560, stack(0x000000031e000000,0x000000031e100000)]
  0x0000014ce3ed5520 JavaThread "Unconstrained build operations Thread 3" [_thread_blocked, id=9936, stack(0x000000031e700000,0x000000031e800000)]
  0x0000014ce3ed59f0 JavaThread "Unconstrained build operations Thread 4" [_thread_blocked, id=16400, stack(0x000000031e800000,0x000000031e900000)]
  0x0000014ce3ed5ec0 JavaThread "Unconstrained build operations Thread 5" [_thread_blocked, id=16688, stack(0x000000031ea00000,0x000000031eb00000)]
  0x0000014ce3ed6390 JavaThread "Unconstrained build operations Thread 6" [_thread_blocked, id=2580, stack(0x000000031eb00000,0x000000031ec00000)]
  0x0000014ce3ed6860 JavaThread "Unconstrained build operations Thread 7" [_thread_blocked, id=12700, stack(0x000000031ec00000,0x000000031ed00000)]
  0x0000014ce3ed6d30 JavaThread "Unconstrained build operations Thread 8" [_thread_blocked, id=5876, stack(0x000000031ed00000,0x000000031ee00000)]
  0x0000014ce3ed76d0 JavaThread "Unconstrained build operations Thread 9" [_thread_blocked, id=7492, stack(0x000000031ee00000,0x000000031ef00000)]
  0x0000014ce04aede0 JavaThread "Unconstrained build operations Thread 10" [_thread_blocked, id=7736, stack(0x000000031ef00000,0x000000031f000000)]
  0x0000014ce04ae440 JavaThread "Unconstrained build operations Thread 11" [_thread_blocked, id=2700, stack(0x000000031f000000,0x000000031f100000)]
  0x0000014ce04ae910 JavaThread "Unconstrained build operations Thread 12" [_thread_blocked, id=4396, stack(0x000000031f100000,0x000000031f200000)]
  0x0000014ce19dd870 JavaThread "Unconstrained build operations Thread 13" [_thread_blocked, id=5016, stack(0x000000031f200000,0x000000031f300000)]
  0x0000014ce19de6e0 JavaThread "Unconstrained build operations Thread 14" [_thread_blocked, id=9488, stack(0x000000031f300000,0x000000031f400000)]
  0x0000014ce19ddd40 JavaThread "Unconstrained build operations Thread 15" [_thread_blocked, id=16616, stack(0x000000031f400000,0x000000031f500000)]
  0x0000014ce19df080 JavaThread "Unconstrained build operations Thread 16" [_thread_blocked, id=4684, stack(0x000000031f500000,0x000000031f600000)]
  0x0000014ce19df550 JavaThread "Unconstrained build operations Thread 17" [_thread_blocked, id=13172, stack(0x000000031f600000,0x000000031f700000)]
  0x0000014ce19dd3a0 JavaThread "Unconstrained build operations Thread 18" [_thread_blocked, id=2796, stack(0x000000031f700000,0x000000031f800000)]
  0x0000014ce19debb0 JavaThread "Unconstrained build operations Thread 19" [_thread_blocked, id=2212, stack(0x000000031f800000,0x000000031f900000)]
  0x0000014ce19dfa20 JavaThread "Unconstrained build operations Thread 20" [_thread_blocked, id=11396, stack(0x000000031f900000,0x000000031fa00000)]
  0x0000014ce19dc060 JavaThread "Unconstrained build operations Thread 21" [_thread_blocked, id=10604, stack(0x000000031fa00000,0x000000031fb00000)]
  0x0000014ce19dc530 JavaThread "Unconstrained build operations Thread 22" [_thread_blocked, id=14688, stack(0x000000031fb00000,0x000000031fc00000)]
  0x0000014ce19dca00 JavaThread "Unconstrained build operations Thread 23" [_thread_blocked, id=14644, stack(0x000000031fc00000,0x000000031fd00000)]
  0x0000014ce19dced0 JavaThread "Unconstrained build operations Thread 24" [_thread_blocked, id=12108, stack(0x000000031fd00000,0x000000031fe00000)]
  0x0000014ce19de210 JavaThread "Unconstrained build operations Thread 25" [_thread_blocked, id=5580, stack(0x000000031fe00000,0x000000031ff00000)]
  0x0000014ce5d15340 JavaThread "Unconstrained build operations Thread 26" [_thread_blocked, id=2500, stack(0x000000031ff00000,0x0000000320000000)]
  0x0000014ce5d13b30 JavaThread "Unconstrained build operations Thread 27" [_thread_blocked, id=16628, stack(0x0000000320000000,0x0000000320100000)]
  0x0000014ce5d14000 JavaThread "Unconstrained build operations Thread 28" [_thread_blocked, id=5908, stack(0x0000000320100000,0x0000000320200000)]
  0x0000014ce5d144d0 JavaThread "Unconstrained build operations Thread 29" [_thread_blocked, id=1032, stack(0x0000000320200000,0x0000000320300000)]
  0x0000014ce5d149a0 JavaThread "Unconstrained build operations Thread 30" [_thread_blocked, id=5052, stack(0x0000000320300000,0x0000000320400000)]
  0x0000014ce5d14e70 JavaThread "Unconstrained build operations Thread 31" [_thread_blocked, id=2088, stack(0x0000000320400000,0x0000000320500000)]
  0x0000014ce5d16680 JavaThread "Unconstrained build operations Thread 32" [_thread_blocked, id=12904, stack(0x0000000320500000,0x0000000320600000)]
  0x0000014ce5d15810 JavaThread "Unconstrained build operations Thread 33" [_thread_blocked, id=2952, stack(0x0000000320600000,0x0000000320700000)]
  0x0000014ce5d161b0 JavaThread "Unconstrained build operations Thread 34" [_thread_blocked, id=5732, stack(0x0000000320700000,0x0000000320800000)]
  0x0000014ce5d13190 JavaThread "Unconstrained build operations Thread 35" [_thread_blocked, id=14860, stack(0x0000000320800000,0x0000000320900000)]
  0x0000014ce5d16b50 JavaThread "Unconstrained build operations Thread 36" [_thread_blocked, id=2596, stack(0x0000000320900000,0x0000000320a00000)]
  0x0000014ce5cfcfd0 JavaThread "Unconstrained build operations Thread 37" [_thread_blocked, id=9712, stack(0x0000000320a00000,0x0000000320b00000)]
  0x0000014ce5cfc630 JavaThread "Unconstrained build operations Thread 38" [_thread_blocked, id=17284, stack(0x0000000320b00000,0x0000000320c00000)]
  0x0000014ce203df90 JavaThread "Unconstrained build operations Thread 39" [_thread_blocked, id=680, stack(0x0000000320c00000,0x0000000320d00000)]
  0x0000014ce203e460 JavaThread "Unconstrained build operations Thread 40" [_thread_blocked, id=14132, stack(0x0000000320d00000,0x0000000320e00000)]
  0x0000014ce203b440 JavaThread "Unconstrained build operations Thread 41" [_thread_blocked, id=11424, stack(0x0000000320e00000,0x0000000320f00000)]
  0x0000014ce203dac0 JavaThread "Unconstrained build operations Thread 42" [_thread_blocked, id=15628, stack(0x0000000320f00000,0x0000000321000000)]
  0x0000014ce203e930 JavaThread "Unconstrained build operations Thread 43" [_thread_blocked, id=3820, stack(0x0000000321000000,0x0000000321100000)]
  0x0000014ce203cc50 JavaThread "Unconstrained build operations Thread 44" [_thread_blocked, id=17260, stack(0x0000000321100000,0x0000000321200000)]
  0x0000014ce203d5f0 JavaThread "Unconstrained build operations Thread 45" [_thread_blocked, id=9876, stack(0x0000000321200000,0x0000000321300000)]
  0x0000014ce203bde0 JavaThread "Unconstrained build operations Thread 46" [_thread_blocked, id=11048, stack(0x0000000321300000,0x0000000321400000)]
  0x0000014ce203d120 JavaThread "Unconstrained build operations Thread 47" [_thread_blocked, id=7316, stack(0x0000000321400000,0x0000000321500000)]
  0x0000014ce203af70 JavaThread "Unconstrained build operations Thread 48" [_thread_blocked, id=11984, stack(0x0000000321500000,0x0000000321600000)]
  0x0000014ce203b910 JavaThread "Unconstrained build operations Thread 49" [_thread_blocked, id=13500, stack(0x0000000321600000,0x0000000321700000)]
  0x0000014ce203c2b0 JavaThread "Unconstrained build operations Thread 50" [_thread_blocked, id=5708, stack(0x0000000321700000,0x0000000321800000)]
  0x0000014ce203c780 JavaThread "Unconstrained build operations Thread 51" [_thread_blocked, id=3672, stack(0x0000000321800000,0x0000000321900000)]
  0x0000014ce7c2b950 JavaThread "Unconstrained build operations Thread 52" [_thread_blocked, id=12844, stack(0x0000000321900000,0x0000000321a00000)]
  0x0000014ce7c2d630 JavaThread "Unconstrained build operations Thread 53" [_thread_blocked, id=16096, stack(0x0000000321a00000,0x0000000321b00000)]
  0x0000014ce7c2cc90 JavaThread "Unconstrained build operations Thread 54" [_thread_blocked, id=6244, stack(0x0000000321b00000,0x0000000321c00000)]
  0x0000014ce7c2dfd0 JavaThread "Unconstrained build operations Thread 55" [_thread_blocked, id=3460, stack(0x0000000321c00000,0x0000000321d00000)]
  0x0000014ce7c2db00 JavaThread "Unconstrained build operations Thread 56" [_thread_blocked, id=15100, stack(0x0000000321d00000,0x0000000321e00000)]
  0x0000014ce7c2c7c0 JavaThread "Unconstrained build operations Thread 57" [_thread_blocked, id=5820, stack(0x0000000321e00000,0x0000000321f00000)]
  0x0000014ce7c2c2f0 JavaThread "Unconstrained build operations Thread 58" [_thread_blocked, id=5336, stack(0x0000000321f00000,0x0000000322000000)]
  0x0000014ce7c2d160 JavaThread "Unconstrained build operations Thread 59" [_thread_blocked, id=14296, stack(0x0000000322000000,0x0000000322100000)]
  0x0000014ce7c2e4a0 JavaThread "Unconstrained build operations Thread 60" [_thread_blocked, id=13016, stack(0x0000000322100000,0x0000000322200000)]
  0x0000014ce7c2afb0 JavaThread "Unconstrained build operations Thread 61" [_thread_blocked, id=11688, stack(0x0000000322200000,0x0000000322300000)]
  0x0000014ce7c2e970 JavaThread "Unconstrained build operations Thread 62" [_thread_blocked, id=16444, stack(0x0000000322300000,0x0000000322400000)]
  0x0000014ce7c2b480 JavaThread "Unconstrained build operations Thread 63" [_thread_blocked, id=3792, stack(0x0000000322400000,0x0000000322500000)]
  0x0000014ce7c2be20 JavaThread "Unconstrained build operations Thread 64" [_thread_blocked, id=15164, stack(0x0000000322500000,0x0000000322600000)]
  0x0000014ce5cdb7f0 JavaThread "Unconstrained build operations Thread 65" [_thread_blocked, id=15692, stack(0x0000000322600000,0x0000000322700000)]
  0x0000014ce5cdece0 JavaThread "Unconstrained build operations Thread 66" [_thread_blocked, id=13040, stack(0x0000000322700000,0x0000000322800000)]
  0x0000014ce5cdd4d0 JavaThread "Unconstrained build operations Thread 67" [_thread_blocked, id=3232, stack(0x0000000322800000,0x0000000322900000)]
  0x0000014ce5cdc660 JavaThread "Unconstrained build operations Thread 68" [_thread_blocked, id=13116, stack(0x0000000322900000,0x0000000322a00000)]
  0x0000014ce5cdcb30 JavaThread "Unconstrained build operations Thread 69" [_thread_blocked, id=6384, stack(0x0000000322a00000,0x0000000322b00000)]
  0x0000014ce5cdbcc0 JavaThread "Unconstrained build operations Thread 70" [_thread_blocked, id=15496, stack(0x0000000322b00000,0x0000000322c00000)]
  0x0000014ce5cdf1b0 JavaThread "Unconstrained build operations Thread 71" [_thread_blocked, id=17156, stack(0x0000000322c00000,0x0000000322d00000)]
  0x0000014ce5cdde70 JavaThread "Unconstrained build operations Thread 72" [_thread_blocked, id=14304, stack(0x0000000322d00000,0x0000000322e00000)]
  0x0000014ce5cde340 JavaThread "Unconstrained build operations Thread 73" [_thread_blocked, id=14744, stack(0x0000000322e00000,0x0000000322f00000)]
  0x0000014ce5cdc190 JavaThread "Unconstrained build operations Thread 74" [_thread_blocked, id=2752, stack(0x0000000322f00000,0x0000000323000000)]
  0x0000014ce5cdd000 JavaThread "Unconstrained build operations Thread 75" [_thread_blocked, id=2056, stack(0x0000000323000000,0x0000000323100000)]
  0x0000014ce5cdd9a0 JavaThread "Unconstrained build operations Thread 76" [_thread_blocked, id=12508, stack(0x0000000323100000,0x0000000323200000)]
  0x0000014ce5cde810 JavaThread "Unconstrained build operations Thread 77" [_thread_blocked, id=17204, stack(0x0000000323200000,0x0000000323300000)]
  0x0000014ce05efc90 JavaThread "Unconstrained build operations Thread 78" [_thread_blocked, id=3244, stack(0x0000000323300000,0x0000000323400000)]
  0x0000014ce05f0fd0 JavaThread "Unconstrained build operations Thread 79" [_thread_blocked, id=16656, stack(0x0000000323400000,0x0000000323500000)]
  0x0000014ce05f14a0 JavaThread "Unconstrained build operations Thread 80" [_thread_blocked, id=8632, stack(0x0000000323500000,0x0000000323600000)]
  0x0000014cea493330 JavaThread "build event listener" [_thread_blocked, id=13144, stack(0x0000000323600000,0x0000000323700000)]
  0x0000014cea491ff0 JavaThread "included builds" [_thread_blocked, id=10048, stack(0x0000000323700000,0x0000000323800000)]
  0x0000014cde0e9730 JavaThread "Execution worker" [_thread_blocked, id=17116, stack(0x0000000323900000,0x0000000323a00000)]
  0x0000014cde0ea0d0 JavaThread "Execution worker Thread 2" [_thread_in_Java, id=11372, stack(0x0000000323d00000,0x0000000323e00000)]
  0x0000014cde0eb410 JavaThread "Execution worker Thread 3" [_thread_blocked, id=11064, stack(0x0000000323f00000,0x0000000324000000)]
  0x0000014cde0ea5a0 JavaThread "Execution worker Thread 4" [_thread_blocked, id=17144, stack(0x0000000324000000,0x0000000324100000)]
  0x0000014ce3994840 JavaThread "Execution worker Thread 5" [_thread_blocked, id=10092, stack(0x0000000324100000,0x0000000324200000)]
  0x0000014ce39939d0 JavaThread "Execution worker Thread 6" [_thread_blocked, id=13504, stack(0x0000000324200000,0x0000000324300000)]
  0x0000014ce3993500 JavaThread "Execution worker Thread 7" [_thread_blocked, id=15888, stack(0x0000000324300000,0x0000000324400000)]
  0x0000014cde0eb8e0 JavaThread "Cache worker for execution history cache (C:\Users\alunoinfo.DESKTOP-FFTGG6Q\AndroidStudioProjects\Aula_09_04_26\.gradle\8.0\executionHistory)" [_thread_blocked, id=5352, stack(0x0000000324400000,0x0000000324500000)]

Other Threads:
  0x0000014cdd351350 VMThread "VM Thread" [stack: 0x000000031b600000,0x000000031b700000] [id=11916]
  0x0000014cc149d1b0 WatcherThread [stack: 0x000000031c200000,0x000000031c300000] [id=8548]
  0x0000014cc146c120 GCTaskThread "GC Thread#0" [stack: 0x000000031b100000,0x000000031b200000] [id=14760]
  0x0000014cdd5f3390 GCTaskThread "GC Thread#1" [stack: 0x000000031c400000,0x000000031c500000] [id=14728]
  0x0000014cdd5f4660 GCTaskThread "GC Thread#2" [stack: 0x000000031c500000,0x000000031c600000] [id=15272]
  0x0000014cdd5f30e0 GCTaskThread "GC Thread#3" [stack: 0x000000031c600000,0x000000031c700000] [id=5760]
  0x0000014cdd5f4910 GCTaskThread "GC Thread#4" [stack: 0x000000031c700000,0x000000031c800000] [id=16496]
  0x0000014cdd5f38f0 GCTaskThread "GC Thread#5" [stack: 0x000000031c800000,0x000000031c900000] [id=13088]
  0x0000014cdd5f43b0 GCTaskThread "GC Thread#6" [stack: 0x000000031d300000,0x000000031d400000] [id=12708]
  0x0000014ce0469cc0 GCTaskThread "GC Thread#7" [stack: 0x000000031d400000,0x000000031d500000] [id=12880]
  0x0000014cc147cf70 ConcurrentGCThread "G1 Main Marker" [stack: 0x000000031b200000,0x000000031b300000] [id=11544]
  0x0000014cc147d890 ConcurrentGCThread "G1 Conc#0" [stack: 0x000000031b300000,0x000000031b400000] [id=6560]
  0x0000014ce0468490 ConcurrentGCThread "G1 Conc#1" [stack: 0x000000031d500000,0x000000031d600000] [id=1948]
  0x0000014cc14cd5f0 ConcurrentGCThread "G1 Refine#0" [stack: 0x000000031b400000,0x000000031b500000] [id=13648]
  0x0000014ce78d5010 ConcurrentGCThread "G1 Refine#1" [stack: 0x0000000324800000,0x0000000324900000] [id=14208]
  0x0000014ce78d52f0 ConcurrentGCThread "G1 Refine#2" [stack: 0x0000000324900000,0x0000000324a00000] [id=15592]
  0x0000014ce78d83d0 ConcurrentGCThread "G1 Refine#3" [stack: 0x0000000324a00000,0x0000000324b00000] [id=13140]
  0x0000014ce78d58b0 ConcurrentGCThread "G1 Refine#4" [stack: 0x0000000324b00000,0x0000000324c00000] [id=15640]
  0x0000014ce78d69f0 ConcurrentGCThread "G1 Refine#5" [stack: 0x0000000324c00000,0x0000000324d00000] [id=5492]
  0x0000014cc14cddc0 ConcurrentGCThread "G1 Service" [stack: 0x000000031b500000,0x000000031b600000] [id=10508]

Threads with active compile tasks:
C2 CompilerThread0   918005 22819       4       org.gradle.api.internal.artifacts.ivyservice.modulecache.InMemoryModuleMetadataCache::get (52 bytes)

VM state: not at safepoint (normal execution)

VM Mutex/Monitor currently owned by a thread: None

Heap address: 0x0000000080000000, size: 2048 MB, Compressed Oops mode: 32-bit

CDS archive(s) not mapped
Compressed class space mapped at: 0x0000000100000000-0x0000000140000000, reserved size: 1073741824
Narrow klass base: 0x0000000000000000, Narrow klass shift: 3, Narrow klass range: 0x140000000

GC Precious Log:
 CPUs: 8 total, 8 available
 Memory: 16039M
 Large Page Support: Disabled
 NUMA Support: Disabled
 Compressed Oops: Enabled (32-bit)
 Heap Region Size: 1M
 Heap Min Capacity: 8M
 Heap Initial Capacity: 252M
 Heap Max Capacity: 2G
 Pre-touch: Disabled
 Parallel Workers: 8
 Concurrent Workers: 2
 Concurrent Refinement Workers: 8
 Periodic GC: Disabled

Heap:
 garbage-first heap   total 440320K, used 318052K [0x0000000080000000, 0x0000000100000000)
  region size 1024K, 177 young (181248K), 6 survivors (6144K)
 Metaspace       used 135892K, committed 137344K, reserved 1171456K
  class space    used 18803K, committed 19520K, reserved 1048576K

Heap Regions: E=young(eden), S=young(survivor), O=old, HS=humongous(starts), HC=humongous(continues), CS=collection set, F=free, OA=open archive, CA=closed archive, TAMS=top-at-mark-start (previous, next)
|   0|0x0000000080000000, 0x0000000080100000, 0x0000000080100000|100%|HS|  |TAMS 0x0000000080100000, 0x0000000080100000| Complete 
|   1|0x0000000080100000, 0x0000000080200000, 0x0000000080200000|100%|HC|  |TAMS 0x0000000080200000, 0x0000000080200000| Complete 
|   2|0x0000000080200000, 0x0000000080300000, 0x0000000080300000|100%|HC|  |TAMS 0x0000000080300000, 0x0000000080300000| Complete 
|   3|0x0000000080300000, 0x0000000080400000, 0x0000000080400000|100%|HC|  |TAMS 0x0000000080400000, 0x0000000080400000| Complete 
|   4|0x0000000080400000, 0x0000000080500000, 0x0000000080500000|100%| O|  |TAMS 0x0000000080500000, 0x0000000080500000| Untracked 
|   5|0x0000000080500000, 0x0000000080600000, 0x0000000080600000|100%| O|  |TAMS 0x0000000080600000, 0x0000000080600000| Untracked 
|   6|0x0000000080600000, 0x0000000080700000, 0x0000000080700000|100%| O|  |TAMS 0x0000000080700000, 0x0000000080700000| Untracked 
|   7|0x0000000080700000, 0x0000000080800000, 0x0000000080800000|100%| O|  |TAMS 0x0000000080800000, 0x0000000080800000| Untracked 
|   8|0x0000000080800000, 0x0000000080900000, 0x0000000080900000|100%| O|  |TAMS 0x0000000080900000, 0x0000000080900000| Untracked 
|   9|0x0000000080900000, 0x0000000080a00000, 0x0000000080a00000|100%| O|  |TAMS 0x0000000080a00000, 0x0000000080a00000| Untracked 
|  10|0x0000000080a00000, 0x0000000080b00000, 0x0000000080b00000|100%| O|  |TAMS 0x0000000080b00000, 0x0000000080b00000| Untracked 
|  11|0x0000000080b00000, 0x0000000080c00000, 0x0000000080c00000|100%| O|  |TAMS 0x0000000080c00000, 0x0000000080c00000| Untracked 
|  12|0x0000000080c00000, 0x0000000080d00000, 0x0000000080d00000|100%| O|  |TAMS 0x0000000080d00000, 0x0000000080d00000| Untracked 
|  13|0x0000000080d00000, 0x0000000080e00000, 0x0000000080e00000|100%| O|  |TAMS 0x0000000080e00000, 0x0000000080e00000| Untracked 
|  14|0x0000000080e00000, 0x0000000080f00000, 0x0000000080f00000|100%| O|  |TAMS 0x0000000080f00000, 0x0000000080f00000| Untracked 
|  15|0x0000000080f00000, 0x0000000081000000, 0x0000000081000000|100%| O|  |TAMS 0x0000000081000000, 0x0000000081000000| Untracked 
|  16|0x0000000081000000, 0x0000000081100000, 0x0000000081100000|100%| O|  |TAMS 0x0000000081100000, 0x0000000081100000| Untracked 
|  17|0x0000000081100000, 0x0000000081200000, 0x0000000081200000|100%| O|  |TAMS 0x0000000081200000, 0x0000000081200000| Untracked 
|  18|0x0000000081200000, 0x0000000081300000, 0x0000000081300000|100%| O|  |TAMS 0x0000000081300000, 0x0000000081300000| Untracked 
|  19|0x0000000081300000, 0x0000000081400000, 0x0000000081400000|100%| O|  |TAMS 0x0000000081400000, 0x0000000081400000| Untracked 
|  20|0x0000000081400000, 0x0000000081500000, 0x0000000081500000|100%|HS|  |TAMS 0x0000000081500000, 0x0000000081500000| Complete 
|  21|0x0000000081500000, 0x0000000081600000, 0x0000000081600000|100%| O|  |TAMS 0x0000000081600000, 0x0000000081600000| Untracked 
|  22|0x0000000081600000, 0x0000000081700000, 0x0000000081700000|100%| O|  |TAMS 0x0000000081700000, 0x0000000081700000| Untracked 
|  23|0x0000000081700000, 0x0000000081800000, 0x0000000081800000|100%| O|  |TAMS 0x0000000081800000, 0x0000000081800000| Untracked 
|  24|0x0000000081800000, 0x0000000081900000, 0x0000000081900000|100%| O|  |TAMS 0x0000000081900000, 0x0000000081900000| Untracked 
|  25|0x0000000081900000, 0x0000000081a00000, 0x0000000081a00000|100%| O|  |TAMS 0x0000000081a00000, 0x0000000081a00000| Untracked 
|  26|0x0000000081a00000, 0x0000000081b00000, 0x0000000081b00000|100%| O|  |TAMS 0x0000000081b00000, 0x0000000081b00000| Untracked 
|  27|0x0000000081b00000, 0x0000000081c00000, 0x0000000081c00000|100%| O|  |TAMS 0x0000000081b00000, 0x0000000081c00000| Untracked 
|  28|0x0000000081c00000, 0x0000000081d00000, 0x0000000081d00000|100%|HS|  |TAMS 0x0000000081d00000, 0x0000000081d00000| Complete 
|  29|0x0000000081d00000, 0x0000000081e00000, 0x0000000081e00000|100%|HS|  |TAMS 0x0000000081e00000, 0x0000000081e00000| Complete 
|  30|0x0000000081e00000, 0x0000000081f00000, 0x0000000081f00000|100%| O|  |TAMS 0x0000000081f00000, 0x0000000081f00000| Untracked 
|  31|0x0000000081f00000, 0x0000000082000000, 0x0000000082000000|100%| O|  |TAMS 0x0000000082000000, 0x0000000082000000| Untracked 
|  32|0x0000000082000000, 0x0000000082100000, 0x0000000082100000|100%| O|  |TAMS 0x0000000082100000, 0x0000000082100000| Untracked 
|  33|0x0000000082100000, 0x0000000082200000, 0x0000000082200000|100%| O|  |TAMS 0x0000000082200000, 0x0000000082200000| Untracked 
|  34|0x0000000082200000, 0x0000000082300000, 0x0000000082300000|100%| O|  |TAMS 0x0000000082300000, 0x0000000082300000| Untracked 
|  35|0x0000000082300000, 0x0000000082400000, 0x0000000082400000|100%| O|  |TAMS 0x0000000082400000, 0x0000000082400000| Untracked 
|  36|0x0000000082400000, 0x0000000082500000, 0x0000000082500000|100%| O|  |TAMS 0x0000000082500000, 0x0000000082500000| Untracked 
|  37|0x0000000082500000, 0x0000000082600000, 0x0000000082600000|100%| O|  |TAMS 0x0000000082600000, 0x0000000082600000| Untracked 
|  38|0x0000000082600000, 0x0000000082700000, 0x0000000082700000|100%| O|  |TAMS 0x0000000082700000, 0x0000000082700000| Untracked 
|  39|0x0000000082700000, 0x0000000082800000, 0x0000000082800000|100%| O|  |TAMS 0x0000000082800000, 0x0000000082800000| Untracked 
|  40|0x0000000082800000, 0x0000000082900000, 0x0000000082900000|100%| O|  |TAMS 0x0000000082900000, 0x0000000082900000| Untracked 
|  41|0x0000000082900000, 0x0000000082a00000, 0x0000000082a00000|100%| O|  |TAMS 0x0000000082a00000, 0x0000000082a00000| Untracked 
|  42|0x0000000082a00000, 0x0000000082b00000, 0x0000000082b00000|100%| O|  |TAMS 0x0000000082b00000, 0x0000000082b00000| Untracked 
|  43|0x0000000082b00000, 0x0000000082c00000, 0x0000000082c00000|100%| O|  |TAMS 0x0000000082c00000, 0x0000000082c00000| Untracked 
|  44|0x0000000082c00000, 0x0000000082c90200, 0x0000000082d00000| 56%| O|  |TAMS 0x0000000082c90200, 0x0000000082c90200| Untracked 
|  45|0x0000000082d00000, 0x0000000082e00000, 0x0000000082e00000|100%| O|  |TAMS 0x0000000082e00000, 0x0000000082e00000| Untracked 
|  46|0x0000000082e00000, 0x0000000082f00000, 0x0000000082f00000|100%| O|  |TAMS 0x0000000082f00000, 0x0000000082f00000| Untracked 
|  47|0x0000000082f00000, 0x0000000083000000, 0x0000000083000000|100%| O|  |TAMS 0x0000000083000000, 0x0000000083000000| Untracked 
|  48|0x0000000083000000, 0x0000000083100000, 0x0000000083100000|100%| O|  |TAMS 0x0000000083100000, 0x0000000083100000| Untracked 
|  49|0x0000000083100000, 0x0000000083200000, 0x0000000083200000|100%| O|  |TAMS 0x0000000083200000, 0x0000000083200000| Untracked 
|  50|0x0000000083200000, 0x0000000083300000, 0x0000000083300000|100%| O|  |TAMS 0x0000000083300000, 0x0000000083300000| Untracked 
|  51|0x0000000083300000, 0x0000000083400000, 0x0000000083400000|100%| O|  |TAMS 0x0000000083400000, 0x0000000083400000| Untracked 
|  52|0x0000000083400000, 0x0000000083500000, 0x0000000083500000|100%| O|  |TAMS 0x0000000083500000, 0x0000000083500000| Untracked 
|  53|0x0000000083500000, 0x0000000083600000, 0x0000000083600000|100%| O|  |TAMS 0x0000000083600000, 0x0000000083600000| Untracked 
|  54|0x0000000083600000, 0x0000000083700000, 0x0000000083700000|100%| O|  |TAMS 0x0000000083700000, 0x0000000083700000| Untracked 
|  55|0x0000000083700000, 0x0000000083800000, 0x0000000083800000|100%| O|  |TAMS 0x0000000083800000, 0x0000000083800000| Untracked 
|  56|0x0000000083800000, 0x0000000083900000, 0x0000000083900000|100%| O|  |TAMS 0x0000000083900000, 0x0000000083900000| Untracked 
|  57|0x0000000083900000, 0x0000000083a00000, 0x0000000083a00000|100%| O|  |TAMS 0x0000000083a00000, 0x0000000083a00000| Untracked 
|  58|0x0000000083a00000, 0x0000000083b00000, 0x0000000083b00000|100%| O|  |TAMS 0x0000000083b00000, 0x0000000083b00000| Untracked 
|  59|0x0000000083b00000, 0x0000000083c00000, 0x0000000083c00000|100%| O|  |TAMS 0x0000000083c00000, 0x0000000083c00000| Untracked 
|  60|0x0000000083c00000, 0x0000000083d00000, 0x0000000083d00000|100%| O|  |TAMS 0x0000000083d00000, 0x0000000083d00000| Untracked 
|  61|0x0000000083d00000, 0x0000000083e00000, 0x0000000083e00000|100%| O|  |TAMS 0x0000000083e00000, 0x0000000083e00000| Untracked 
|  62|0x0000000083e00000, 0x0000000083f00000, 0x0000000083f00000|100%| O|  |TAMS 0x0000000083f00000, 0x0000000083f00000| Untracked 
|  63|0x0000000083f00000, 0x0000000084000000, 0x0000000084000000|100%| O|  |TAMS 0x0000000084000000, 0x0000000084000000| Untracked 
|  64|0x0000000084000000, 0x0000000084100000, 0x0000000084100000|100%| O|  |TAMS 0x0000000084100000, 0x0000000084100000| Untracked 
|  65|0x0000000084100000, 0x0000000084200000, 0x0000000084200000|100%| O|  |TAMS 0x0000000084200000, 0x0000000084200000| Untracked 
|  66|0x0000000084200000, 0x0000000084300000, 0x0000000084300000|100%| O|  |TAMS 0x0000000084300000, 0x0000000084300000| Untracked 
|  67|0x0000000084300000, 0x0000000084400000, 0x0000000084400000|100%| O|  |TAMS 0x0000000084400000, 0x0000000084400000| Untracked 
|  68|0x0000000084400000, 0x0000000084500000, 0x0000000084500000|100%| O|  |TAMS 0x0000000084500000, 0x0000000084500000| Untracked 
|  69|0x0000000084500000, 0x0000000084600000, 0x0000000084600000|100%| O|  |TAMS 0x0000000084600000, 0x0000000084600000| Untracked 
|  70|0x0000000084600000, 0x0000000084700000, 0x0000000084700000|100%| O|  |TAMS 0x0000000084700000, 0x0000000084700000| Untracked 
|  71|0x0000000084700000, 0x0000000084800000, 0x0000000084800000|100%| O|  |TAMS 0x0000000084800000, 0x0000000084800000| Untracked 
|  72|0x0000000084800000, 0x0000000084900000, 0x0000000084900000|100%| O|  |TAMS 0x0000000084900000, 0x0000000084900000| Untracked 
|  73|0x0000000084900000, 0x0000000084a00000, 0x0000000084a00000|100%| O|  |TAMS 0x0000000084a00000, 0x0000000084a00000| Untracked 
|  74|0x0000000084a00000, 0x0000000084b00000, 0x0000000084b00000|100%| O|  |TAMS 0x0000000084b00000, 0x0000000084b00000| Untracked 
|  75|0x0000000084b00000, 0x0000000084c00000, 0x0000000084c00000|100%| O|  |TAMS 0x0000000084c00000, 0x0000000084c00000| Untracked 
|  76|0x0000000084c00000, 0x0000000084d00000, 0x0000000084d00000|100%| O|  |TAMS 0x0000000084d00000, 0x0000000084d00000| Untracked 
|  77|0x0000000084d00000, 0x0000000084e00000, 0x0000000084e00000|100%| O|  |TAMS 0x0000000084d00000, 0x0000000084e00000| Untracked 
|  78|0x0000000084e00000, 0x0000000084f00000, 0x0000000084f00000|100%| O|  |TAMS 0x0000000084f00000, 0x0000000084f00000| Untracked 
|  79|0x0000000084f00000, 0x0000000085000000, 0x0000000085000000|100%| O|  |TAMS 0x0000000085000000, 0x0000000085000000| Untracked 
|  80|0x0000000085000000, 0x0000000085100000, 0x0000000085100000|100%| O|  |TAMS 0x0000000085100000, 0x0000000085100000| Untracked 
|  81|0x0000000085100000, 0x0000000085200000, 0x0000000085200000|100%| O|  |TAMS 0x0000000085200000, 0x0000000085200000| Untracked 
|  82|0x0000000085200000, 0x0000000085300000, 0x0000000085300000|100%| O|  |TAMS 0x0000000085300000, 0x0000000085300000| Untracked 
|  83|0x0000000085300000, 0x0000000085400000, 0x0000000085400000|100%| O|  |TAMS 0x0000000085400000, 0x0000000085400000| Untracked 
|  84|0x0000000085400000, 0x0000000085500000, 0x0000000085500000|100%| O|  |TAMS 0x0000000085500000, 0x0000000085500000| Untracked 
|  85|0x0000000085500000, 0x0000000085600000, 0x0000000085600000|100%| O|  |TAMS 0x0000000085500000, 0x0000000085600000| Untracked 
|  86|0x0000000085600000, 0x0000000085700000, 0x0000000085700000|100%| O|  |TAMS 0x0000000085600000, 0x0000000085700000| Untracked 
|  87|0x0000000085700000, 0x0000000085800000, 0x0000000085800000|100%| O|  |TAMS 0x0000000085800000, 0x0000000085800000| Untracked 
|  88|0x0000000085800000, 0x0000000085900000, 0x0000000085900000|100%| O|  |TAMS 0x0000000085800000, 0x0000000085900000| Untracked 
|  89|0x0000000085900000, 0x0000000085a00000, 0x0000000085a00000|100%|HS|  |TAMS 0x0000000085900000, 0x0000000085a00000| Complete 
|  90|0x0000000085a00000, 0x0000000085b00000, 0x0000000085b00000|100%|HC|  |TAMS 0x0000000085a00000, 0x0000000085b00000| Complete 
|  91|0x0000000085b00000, 0x0000000085c00000, 0x0000000085c00000|100%| O|  |TAMS 0x0000000085b00000, 0x0000000085c00000| Untracked 
|  92|0x0000000085c00000, 0x0000000085d00000, 0x0000000085d00000|100%| O|  |TAMS 0x0000000085c00000, 0x0000000085d00000| Untracked 
|  93|0x0000000085d00000, 0x0000000085e00000, 0x0000000085e00000|100%| O|  |TAMS 0x0000000085d00000, 0x0000000085e00000| Untracked 
|  94|0x0000000085e00000, 0x0000000085f00000, 0x0000000085f00000|100%| O|  |TAMS 0x0000000085e00000, 0x0000000085f00000| Untracked 
|  95|0x0000000085f00000, 0x0000000086000000, 0x0000000086000000|100%| O|  |TAMS 0x0000000085f00000, 0x0000000086000000| Untracked 
|  96|0x0000000086000000, 0x0000000086100000, 0x0000000086100000|100%| O|  |TAMS 0x0000000086000000, 0x0000000086100000| Untracked 
|  97|0x0000000086100000, 0x0000000086200000, 0x0000000086200000|100%| O|  |TAMS 0x0000000086200000, 0x0000000086200000| Untracked 
|  98|0x0000000086200000, 0x0000000086300000, 0x0000000086300000|100%| O|  |TAMS 0x0000000086300000, 0x0000000086300000| Untracked 
|  99|0x0000000086300000, 0x0000000086400000, 0x0000000086400000|100%| O|  |TAMS 0x0000000086300000, 0x0000000086400000| Untracked 
| 100|0x0000000086400000, 0x0000000086500000, 0x0000000086500000|100%| O|  |TAMS 0x0000000086400000, 0x0000000086500000| Untracked 
| 101|0x0000000086500000, 0x0000000086600000, 0x0000000086600000|100%| O|  |TAMS 0x0000000086500000, 0x0000000086600000| Untracked 
| 102|0x0000000086600000, 0x0000000086700000, 0x0000000086700000|100%| O|  |TAMS 0x0000000086600000, 0x0000000086700000| Untracked 
| 103|0x0000000086700000, 0x0000000086800000, 0x0000000086800000|100%| O|  |TAMS 0x0000000086700000, 0x0000000086800000| Untracked 
| 104|0x0000000086800000, 0x0000000086900000, 0x0000000086900000|100%| O|  |TAMS 0x0000000086800000, 0x0000000086900000| Untracked 
| 105|0x0000000086900000, 0x0000000086a00000, 0x0000000086a00000|100%| O|  |TAMS 0x0000000086900000, 0x0000000086a00000| Untracked 
| 106|0x0000000086a00000, 0x0000000086b00000, 0x0000000086b00000|100%| O|  |TAMS 0x0000000086a00000, 0x0000000086b00000| Untracked 
| 107|0x0000000086b00000, 0x0000000086c00000, 0x0000000086c00000|100%| O|  |TAMS 0x0000000086c00000, 0x0000000086c00000| Untracked 
| 108|0x0000000086c00000, 0x0000000086d00000, 0x0000000086d00000|100%| O|  |TAMS 0x0000000086d00000, 0x0000000086d00000| Untracked 
| 109|0x0000000086d00000, 0x0000000086e00000, 0x0000000086e00000|100%| O|  |TAMS 0x0000000086e00000, 0x0000000086e00000| Untracked 
| 110|0x0000000086e00000, 0x0000000086f00000, 0x0000000086f00000|100%| O|  |TAMS 0x0000000086f00000, 0x0000000086f00000| Untracked 
| 111|0x0000000086f00000, 0x0000000087000000, 0x0000000087000000|100%| O|  |TAMS 0x0000000087000000, 0x0000000087000000| Untracked 
| 112|0x0000000087000000, 0x0000000087100000, 0x0000000087100000|100%| O|  |TAMS 0x00000000870b2e00, 0x0000000087100000| Untracked 
| 113|0x0000000087100000, 0x0000000087200000, 0x0000000087200000|100%| O|  |TAMS 0x0000000087100000, 0x0000000087200000| Untracked 
| 114|0x0000000087200000, 0x0000000087300000, 0x0000000087300000|100%| O|  |TAMS 0x0000000087200000, 0x0000000087300000| Untracked 
| 115|0x0000000087300000, 0x0000000087400000, 0x0000000087400000|100%| O|  |TAMS 0x0000000087300000, 0x0000000087400000| Untracked 
| 116|0x0000000087400000, 0x0000000087500000, 0x0000000087500000|100%| O|  |TAMS 0x0000000087400000, 0x0000000087500000| Untracked 
| 117|0x0000000087500000, 0x0000000087600000, 0x0000000087600000|100%| O|  |TAMS 0x0000000087500000, 0x0000000087600000| Untracked 
| 118|0x0000000087600000, 0x00000000876c1e00, 0x0000000087700000| 75%| O|  |TAMS 0x0000000087600000, 0x00000000876c1e00| Untracked 
| 119|0x0000000087700000, 0x0000000087800000, 0x0000000087800000|100%|HS|  |TAMS 0x0000000087700000, 0x0000000087700000| Complete 
| 120|0x0000000087800000, 0x0000000087900000, 0x0000000087900000|100%|HC|  |TAMS 0x0000000087800000, 0x0000000087800000| Complete 
| 121|0x0000000087900000, 0x0000000087a00000, 0x0000000087a00000|100%|HS|  |TAMS 0x0000000087900000, 0x0000000087900000| Complete 
| 122|0x0000000087a00000, 0x0000000087b00000, 0x0000000087b00000|100%|HC|  |TAMS 0x0000000087a00000, 0x0000000087a00000| Complete 
| 123|0x0000000087b00000, 0x0000000087c00000, 0x0000000087c00000|100%|HS|  |TAMS 0x0000000087b00000, 0x0000000087b00000| Complete 
| 124|0x0000000087c00000, 0x0000000087d00000, 0x0000000087d00000|100%|HC|  |TAMS 0x0000000087c00000, 0x0000000087c00000| Complete 
| 125|0x0000000087d00000, 0x0000000087e00000, 0x0000000087e00000|100%|HS|  |TAMS 0x0000000087d00000, 0x0000000087d00000| Complete 
| 126|0x0000000087e00000, 0x0000000087f00000, 0x0000000087f00000|100%|HC|  |TAMS 0x0000000087e00000, 0x0000000087e00000| Complete 
| 127|0x0000000087f00000, 0x0000000088000000, 0x0000000088000000|100%|HS|  |TAMS 0x0000000087f00000, 0x0000000087f00000| Complete 
| 128|0x0000000088000000, 0x0000000088100000, 0x0000000088100000|100%|HC|  |TAMS 0x0000000088000000, 0x0000000088000000| Complete 
| 129|0x0000000088100000, 0x0000000088200000, 0x0000000088200000|100%|HS|  |TAMS 0x0000000088100000, 0x0000000088100000| Complete 
| 130|0x0000000088200000, 0x0000000088300000, 0x0000000088300000|100%|HC|  |TAMS 0x0000000088200000, 0x0000000088200000| Complete 
| 131|0x0000000088300000, 0x0000000088400000, 0x0000000088400000|100%|HS|  |TAMS 0x0000000088300000, 0x0000000088300000| Complete 
| 132|0x0000000088400000, 0x0000000088500000, 0x0000000088500000|100%|HC|  |TAMS 0x0000000088400000, 0x0000000088400000| Complete 
| 133|0x0000000088500000, 0x0000000088600000, 0x0000000088600000|100%|HS|  |TAMS 0x0000000088500000, 0x0000000088500000| Complete 
| 134|0x0000000088600000, 0x0000000088700000, 0x0000000088700000|100%|HC|  |TAMS 0x0000000088600000, 0x0000000088600000| Complete 
| 135|0x0000000088700000, 0x0000000088800000, 0x0000000088800000|100%|HS|  |TAMS 0x0000000088700000, 0x0000000088700000| Complete 
| 136|0x0000000088800000, 0x0000000088900000, 0x0000000088900000|100%|HC|  |TAMS 0x0000000088800000, 0x0000000088800000| Complete 
| 137|0x0000000088900000, 0x0000000088900000, 0x0000000088a00000|  0%| F|  |TAMS 0x0000000088900000, 0x0000000088900000| Untracked 
| 138|0x0000000088a00000, 0x0000000088a00000, 0x0000000088b00000|  0%| F|  |TAMS 0x0000000088a00000, 0x0000000088a00000| Untracked 
| 139|0x0000000088b00000, 0x0000000088b00000, 0x0000000088c00000|  0%| F|  |TAMS 0x0000000088b00000, 0x0000000088b00000| Untracked 
| 140|0x0000000088c00000, 0x0000000088c00000, 0x0000000088d00000|  0%| F|  |TAMS 0x0000000088c00000, 0x0000000088c00000| Untracked 
| 141|0x0000000088d00000, 0x0000000088d00000, 0x0000000088e00000|  0%| F|  |TAMS 0x0000000088d00000, 0x0000000088d00000| Untracked 
| 142|0x0000000088e00000, 0x0000000088e00000, 0x0000000088f00000|  0%| F|  |TAMS 0x0000000088e00000, 0x0000000088e00000| Untracked 
| 143|0x0000000088f00000, 0x0000000088f00000, 0x0000000089000000|  0%| F|  |TAMS 0x0000000088f00000, 0x0000000088f00000| Untracked 
| 144|0x0000000089000000, 0x0000000089000000, 0x0000000089100000|  0%| F|  |TAMS 0x0000000089000000, 0x0000000089000000| Untracked 
| 145|0x0000000089100000, 0x0000000089100000, 0x0000000089200000|  0%| F|  |TAMS 0x0000000089100000, 0x0000000089100000| Untracked 
| 146|0x0000000089200000, 0x0000000089200000, 0x0000000089300000|  0%| F|  |TAMS 0x0000000089200000, 0x0000000089200000| Untracked 
| 147|0x0000000089300000, 0x0000000089300000, 0x0000000089400000|  0%| F|  |TAMS 0x0000000089300000, 0x0000000089300000| Untracked 
| 148|0x0000000089400000, 0x0000000089400000, 0x0000000089500000|  0%| F|  |TAMS 0x0000000089400000, 0x0000000089400000| Untracked 
| 149|0x0000000089500000, 0x0000000089500000, 0x0000000089600000|  0%| F|  |TAMS 0x0000000089500000, 0x0000000089500000| Untracked 
| 150|0x0000000089600000, 0x0000000089600000, 0x0000000089700000|  0%| F|  |TAMS 0x0000000089600000, 0x0000000089600000| Untracked 
| 151|0x0000000089700000, 0x0000000089700000, 0x0000000089800000|  0%| F|  |TAMS 0x0000000089700000, 0x0000000089700000| Untracked 
| 152|0x0000000089800000, 0x0000000089800000, 0x0000000089900000|  0%| F|  |TAMS 0x0000000089800000, 0x0000000089800000| Untracked 
| 153|0x0000000089900000, 0x0000000089900000, 0x0000000089a00000|  0%| F|  |TAMS 0x0000000089900000, 0x0000000089900000| Untracked 
| 154|0x0000000089a00000, 0x0000000089a00000, 0x0000000089b00000|  0%| F|  |TAMS 0x0000000089a00000, 0x0000000089a00000| Untracked 
| 155|0x0000000089b00000, 0x0000000089b00000, 0x0000000089c00000|  0%| F|  |TAMS 0x0000000089b00000, 0x0000000089b00000| Untracked 
| 156|0x0000000089c00000, 0x0000000089c00000, 0x0000000089d00000|  0%| F|  |TAMS 0x0000000089c00000, 0x0000000089c00000| Untracked 
| 157|0x0000000089d00000, 0x0000000089d00000, 0x0000000089e00000|  0%| F|  |TAMS 0x0000000089d00000, 0x0000000089d00000| Untracked 
| 158|0x0000000089e00000, 0x0000000089e00000, 0x0000000089f00000|  0%| F|  |TAMS 0x0000000089e00000, 0x0000000089e00000| Untracked 
| 159|0x0000000089f00000, 0x0000000089f00000, 0x000000008a000000|  0%| F|  |TAMS 0x0000000089f00000, 0x0000000089f00000| Untracked 
| 160|0x000000008a000000, 0x000000008a000000, 0x000000008a100000|  0%| F|  |TAMS 0x000000008a000000, 0x000000008a000000| Untracked 
| 161|0x000000008a100000, 0x000000008a100000, 0x000000008a200000|  0%| F|  |TAMS 0x000000008a100000, 0x000000008a100000| Untracked 
| 162|0x000000008a200000, 0x000000008a200000, 0x000000008a300000|  0%| F|  |TAMS 0x000000008a200000, 0x000000008a200000| Untracked 
| 163|0x000000008a300000, 0x000000008a300000, 0x000000008a400000|  0%| F|  |TAMS 0x000000008a300000, 0x000000008a300000| Untracked 
| 164|0x000000008a400000, 0x000000008a400000, 0x000000008a500000|  0%| F|  |TAMS 0x000000008a400000, 0x000000008a400000| Untracked 
| 165|0x000000008a500000, 0x000000008a500000, 0x000000008a600000|  0%| F|  |TAMS 0x000000008a500000, 0x000000008a500000| Untracked 
| 166|0x000000008a600000, 0x000000008a600000, 0x000000008a700000|  0%| F|  |TAMS 0x000000008a600000, 0x000000008a600000| Untracked 
| 167|0x000000008a700000, 0x000000008a700000, 0x000000008a800000|  0%| F|  |TAMS 0x000000008a700000, 0x000000008a700000| Untracked 
| 168|0x000000008a800000, 0x000000008a800000, 0x000000008a900000|  0%| F|  |TAMS 0x000000008a800000, 0x000000008a800000| Untracked 
| 169|0x000000008a900000, 0x000000008a900000, 0x000000008aa00000|  0%| F|  |TAMS 0x000000008a900000, 0x000000008a900000| Untracked 
| 170|0x000000008aa00000, 0x000000008aa00000, 0x000000008ab00000|  0%| F|  |TAMS 0x000000008aa00000, 0x000000008aa00000| Untracked 
| 171|0x000000008ab00000, 0x000000008ab00000, 0x000000008ac00000|  0%| F|  |TAMS 0x000000008ab00000, 0x000000008ab00000| Untracked 
| 172|0x000000008ac00000, 0x000000008ac00000, 0x000000008ad00000|  0%| F|  |TAMS 0x000000008ac00000, 0x000000008ac00000| Untracked 
| 173|0x000000008ad00000, 0x000000008ad00000, 0x000000008ae00000|  0%| F|  |TAMS 0x000000008ad00000, 0x000000008ad00000| Untracked 
| 174|0x000000008ae00000, 0x000000008ae00000, 0x000000008af00000|  0%| F|  |TAMS 0x000000008ae00000, 0x000000008ae00000| Untracked 
| 175|0x000000008af00000, 0x000000008af00000, 0x000000008b000000|  0%| F|  |TAMS 0x000000008af00000, 0x000000008af00000| Untracked 
| 176|0x000000008b000000, 0x000000008b000000, 0x000000008b100000|  0%| F|  |TAMS 0x000000008b000000, 0x000000008b000000| Untracked 
| 177|0x000000008b100000, 0x000000008b100000, 0x000000008b200000|  0%| F|  |TAMS 0x000000008b100000, 0x000000008b100000| Untracked 
| 178|0x000000008b200000, 0x000000008b200000, 0x000000008b300000|  0%| F|  |TAMS 0x000000008b200000, 0x000000008b200000| Untracked 
| 179|0x000000008b300000, 0x000000008b300000, 0x000000008b400000|  0%| F|  |TAMS 0x000000008b300000, 0x000000008b300000| Untracked 
| 180|0x000000008b400000, 0x000000008b400000, 0x000000008b500000|  0%| F|  |TAMS 0x000000008b400000, 0x000000008b400000| Untracked 
| 181|0x000000008b500000, 0x000000008b500000, 0x000000008b600000|  0%| F|  |TAMS 0x000000008b500000, 0x000000008b500000| Untracked 
| 182|0x000000008b600000, 0x000000008b600000, 0x000000008b700000|  0%| F|  |TAMS 0x000000008b600000, 0x000000008b600000| Untracked 
| 183|0x000000008b700000, 0x000000008b700000, 0x000000008b800000|  0%| F|  |TAMS 0x000000008b700000, 0x000000008b700000| Untracked 
| 184|0x000000008b800000, 0x000000008b800000, 0x000000008b900000|  0%| F|  |TAMS 0x000000008b800000, 0x000000008b800000| Untracked 
| 185|0x000000008b900000, 0x000000008b900000, 0x000000008ba00000|  0%| F|  |TAMS 0x000000008b900000, 0x000000008b900000| Untracked 
| 186|0x000000008ba00000, 0x000000008ba00000, 0x000000008bb00000|  0%| F|  |TAMS 0x000000008ba00000, 0x000000008ba00000| Untracked 
| 187|0x000000008bb00000, 0x000000008bb00000, 0x000000008bc00000|  0%| F|  |TAMS 0x000000008bb00000, 0x000000008bb00000| Untracked 
| 188|0x000000008bc00000, 0x000000008bc00000, 0x000000008bd00000|  0%| F|  |TAMS 0x000000008bc00000, 0x000000008bc00000| Untracked 
| 189|0x000000008bd00000, 0x000000008bd00000, 0x000000008be00000|  0%| F|  |TAMS 0x000000008bd00000, 0x000000008bd00000| Untracked 
| 190|0x000000008be00000, 0x000000008be00000, 0x000000008bf00000|  0%| F|  |TAMS 0x000000008be00000, 0x000000008be00000| Untracked 
| 191|0x000000008bf00000, 0x000000008bf00000, 0x000000008c000000|  0%| F|  |TAMS 0x000000008bf00000, 0x000000008bf00000| Untracked 
| 192|0x000000008c000000, 0x000000008c000000, 0x000000008c100000|  0%| F|  |TAMS 0x000000008c000000, 0x000000008c000000| Untracked 
| 193|0x000000008c100000, 0x000000008c100000, 0x000000008c200000|  0%| F|  |TAMS 0x000000008c100000, 0x000000008c100000| Untracked 
| 194|0x000000008c200000, 0x000000008c200000, 0x000000008c300000|  0%| F|  |TAMS 0x000000008c200000, 0x000000008c200000| Untracked 
| 195|0x000000008c300000, 0x000000008c300000, 0x000000008c400000|  0%| F|  |TAMS 0x000000008c300000, 0x000000008c300000| Untracked 
| 196|0x000000008c400000, 0x000000008c4470a0, 0x000000008c500000| 27%| S|CS|TAMS 0x000000008c400000, 0x000000008c400000| Complete 
| 197|0x000000008c500000, 0x000000008c600000, 0x000000008c600000|100%| S|CS|TAMS 0x000000008c500000, 0x000000008c500000| Complete 
| 198|0x000000008c600000, 0x000000008c700000, 0x000000008c700000|100%| S|CS|TAMS 0x000000008c600000, 0x000000008c600000| Complete 
| 199|0x000000008c700000, 0x000000008c800000, 0x000000008c800000|100%| S|CS|TAMS 0x000000008c700000, 0x000000008c700000| Complete 
| 200|0x000000008c800000, 0x000000008c900000, 0x000000008c900000|100%| S|CS|TAMS 0x000000008c800000, 0x000000008c800000| Complete 
| 201|0x000000008c900000, 0x000000008ca00000, 0x000000008ca00000|100%| S|CS|TAMS 0x000000008c900000, 0x000000008c900000| Complete 
| 202|0x000000008ca00000, 0x000000008ca00000, 0x000000008cb00000|  0%| F|  |TAMS 0x000000008ca00000, 0x000000008ca00000| Untracked 
| 203|0x000000008cb00000, 0x000000008cb00000, 0x000000008cc00000|  0%| F|  |TAMS 0x000000008cb00000, 0x000000008cb00000| Untracked 
| 204|0x000000008cc00000, 0x000000008cc00000, 0x000000008cd00000|  0%| F|  |TAMS 0x000000008cc00000, 0x000000008cc00000| Untracked 
| 205|0x000000008cd00000, 0x000000008cd00000, 0x000000008ce00000|  0%| F|  |TAMS 0x000000008cd00000, 0x000000008cd00000| Untracked 
| 206|0x000000008ce00000, 0x000000008ce00000, 0x000000008cf00000|  0%| F|  |TAMS 0x000000008ce00000, 0x000000008ce00000| Untracked 
| 207|0x000000008cf00000, 0x000000008cf00000, 0x000000008d000000|  0%| F|  |TAMS 0x000000008cf00000, 0x000000008cf00000| Untracked 
| 208|0x000000008d000000, 0x000000008d000000, 0x000000008d100000|  0%| F|  |TAMS 0x000000008d000000, 0x000000008d000000| Untracked 
| 209|0x000000008d100000, 0x000000008d100000, 0x000000008d200000|  0%| F|  |TAMS 0x000000008d100000, 0x000000008d100000| Untracked 
| 210|0x000000008d200000, 0x000000008d200000, 0x000000008d300000|  0%| F|  |TAMS 0x000000008d200000, 0x000000008d200000| Untracked 
| 211|0x000000008d300000, 0x000000008d300000, 0x000000008d400000|  0%| F|  |TAMS 0x000000008d300000, 0x000000008d300000| Untracked 
| 212|0x000000008d400000, 0x000000008d400000, 0x000000008d500000|  0%| F|  |TAMS 0x000000008d400000, 0x000000008d400000| Untracked 
| 213|0x000000008d500000, 0x000000008d500000, 0x000000008d600000|  0%| F|  |TAMS 0x000000008d500000, 0x000000008d500000| Untracked 
| 214|0x000000008d600000, 0x000000008d600000, 0x000000008d700000|  0%| F|  |TAMS 0x000000008d600000, 0x000000008d600000| Untracked 
| 215|0x000000008d700000, 0x000000008d700000, 0x000000008d800000|  0%| F|  |TAMS 0x000000008d700000, 0x000000008d700000| Untracked 
| 216|0x000000008d800000, 0x000000008d800000, 0x000000008d900000|  0%| F|  |TAMS 0x000000008d800000, 0x000000008d800000| Untracked 
| 217|0x000000008d900000, 0x000000008d900000, 0x000000008da00000|  0%| F|  |TAMS 0x000000008d900000, 0x000000008d900000| Untracked 
| 218|0x000000008da00000, 0x000000008da00000, 0x000000008db00000|  0%| F|  |TAMS 0x000000008da00000, 0x000000008da00000| Untracked 
| 219|0x000000008db00000, 0x000000008db00000, 0x000000008dc00000|  0%| F|  |TAMS 0x000000008db00000, 0x000000008db00000| Untracked 
| 220|0x000000008dc00000, 0x000000008dc00000, 0x000000008dd00000|  0%| F|  |TAMS 0x000000008dc00000, 0x000000008dc00000| Untracked 
| 221|0x000000008dd00000, 0x000000008dd00000, 0x000000008de00000|  0%| F|  |TAMS 0x000000008dd00000, 0x000000008dd00000| Untracked 
| 222|0x000000008de00000, 0x000000008de00000, 0x000000008df00000|  0%| F|  |TAMS 0x000000008de00000, 0x000000008de00000| Untracked 
| 223|0x000000008df00000, 0x000000008df00000, 0x000000008e000000|  0%| F|  |TAMS 0x000000008df00000, 0x000000008df00000| Untracked 
| 224|0x000000008e000000, 0x000000008e000000, 0x000000008e100000|  0%| F|  |TAMS 0x000000008e000000, 0x000000008e000000| Untracked 
| 225|0x000000008e100000, 0x000000008e100000, 0x000000008e200000|  0%| F|  |TAMS 0x000000008e100000, 0x000000008e100000| Untracked 
| 226|0x000000008e200000, 0x000000008e200000, 0x000000008e300000|  0%| F|  |TAMS 0x000000008e200000, 0x000000008e200000| Untracked 
| 227|0x000000008e300000, 0x000000008e300000, 0x000000008e400000|  0%| F|  |TAMS 0x000000008e300000, 0x000000008e300000| Untracked 
| 228|0x000000008e400000, 0x000000008e400000, 0x000000008e500000|  0%| F|  |TAMS 0x000000008e400000, 0x000000008e400000| Untracked 
| 229|0x000000008e500000, 0x000000008e500000, 0x000000008e600000|  0%| F|  |TAMS 0x000000008e500000, 0x000000008e500000| Untracked 
| 230|0x000000008e600000, 0x000000008e600000, 0x000000008e700000|  0%| F|  |TAMS 0x000000008e600000, 0x000000008e600000| Untracked 
| 231|0x000000008e700000, 0x000000008e700000, 0x000000008e800000|  0%| F|  |TAMS 0x000000008e700000, 0x000000008e700000| Untracked 
| 232|0x000000008e800000, 0x000000008e800000, 0x000000008e900000|  0%| F|  |TAMS 0x000000008e800000, 0x000000008e800000| Untracked 
| 233|0x000000008e900000, 0x000000008e900000, 0x000000008ea00000|  0%| F|  |TAMS 0x000000008e900000, 0x000000008e900000| Untracked 
| 234|0x000000008ea00000, 0x000000008ea00000, 0x000000008eb00000|  0%| F|  |TAMS 0x000000008ea00000, 0x000000008ea00000| Untracked 
| 235|0x000000008eb00000, 0x000000008eb00000, 0x000000008ec00000|  0%| F|  |TAMS 0x000000008eb00000, 0x000000008eb00000| Untracked 
| 236|0x000000008ec00000, 0x000000008ec00000, 0x000000008ed00000|  0%| F|  |TAMS 0x000000008ec00000, 0x000000008ec00000| Untracked 
| 237|0x000000008ed00000, 0x000000008ed00000, 0x000000008ee00000|  0%| F|  |TAMS 0x000000008ed00000, 0x000000008ed00000| Untracked 
| 238|0x000000008ee00000, 0x000000008ee00000, 0x000000008ef00000|  0%| F|  |TAMS 0x000000008ee00000, 0x000000008ee00000| Untracked 
| 239|0x000000008ef00000, 0x000000008ef00000, 0x000000008f000000|  0%| F|  |TAMS 0x000000008ef00000, 0x000000008ef00000| Untracked 
| 240|0x000000008f000000, 0x000000008f000000, 0x000000008f100000|  0%| F|  |TAMS 0x000000008f000000, 0x000000008f000000| Untracked 
| 241|0x000000008f100000, 0x000000008f100000, 0x000000008f200000|  0%| F|  |TAMS 0x000000008f100000, 0x000000008f100000| Untracked 
| 242|0x000000008f200000, 0x000000008f200000, 0x000000008f300000|  0%| F|  |TAMS 0x000000008f200000, 0x000000008f200000| Untracked 
| 243|0x000000008f300000, 0x000000008f300000, 0x000000008f400000|  0%| F|  |TAMS 0x000000008f300000, 0x000000008f300000| Untracked 
| 244|0x000000008f400000, 0x000000008f400000, 0x000000008f500000|  0%| F|  |TAMS 0x000000008f400000, 0x000000008f400000| Untracked 
| 245|0x000000008f500000, 0x000000008f500000, 0x000000008f600000|  0%| F|  |TAMS 0x000000008f500000, 0x000000008f500000| Untracked 
| 246|0x000000008f600000, 0x000000008f600000, 0x000000008f700000|  0%| F|  |TAMS 0x000000008f600000, 0x000000008f600000| Untracked 
| 247|0x000000008f700000, 0x000000008f700000, 0x000000008f800000|  0%| F|  |TAMS 0x000000008f700000, 0x000000008f700000| Untracked 
| 248|0x000000008f800000, 0x000000008f800000, 0x000000008f900000|  0%| F|  |TAMS 0x000000008f800000, 0x000000008f800000| Untracked 
| 249|0x000000008f900000, 0x000000008f900000, 0x000000008fa00000|  0%| F|  |TAMS 0x000000008f900000, 0x000000008f900000| Untracked 
| 250|0x000000008fa00000, 0x000000008fa00000, 0x000000008fb00000|  0%| F|  |TAMS 0x000000008fa00000, 0x000000008fa00000| Untracked 
| 251|0x000000008fb00000, 0x000000008fb00000, 0x000000008fc00000|  0%| F|  |TAMS 0x000000008fb00000, 0x000000008fb00000| Untracked 
| 252|0x000000008fc00000, 0x000000008fc00000, 0x000000008fd00000|  0%| F|  |TAMS 0x000000008fc00000, 0x000000008fc00000| Untracked 
| 253|0x000000008fd00000, 0x000000008fd00000, 0x000000008fe00000|  0%| F|  |TAMS 0x000000008fd00000, 0x000000008fd00000| Untracked 
| 254|0x000000008fe00000, 0x000000008fe00000, 0x000000008ff00000|  0%| F|  |TAMS 0x000000008fe00000, 0x000000008fe00000| Untracked 
| 255|0x000000008ff00000, 0x000000008ff00000, 0x0000000090000000|  0%| F|  |TAMS 0x000000008ff00000, 0x000000008ff00000| Untracked 
| 256|0x0000000090000000, 0x0000000090000000, 0x0000000090100000|  0%| F|  |TAMS 0x0000000090000000, 0x0000000090000000| Untracked 
| 257|0x0000000090100000, 0x0000000090100000, 0x0000000090200000|  0%| F|  |TAMS 0x0000000090100000, 0x0000000090100000| Untracked 
| 258|0x0000000090200000, 0x0000000090200000, 0x0000000090300000|  0%| F|  |TAMS 0x0000000090200000, 0x0000000090200000| Untracked 
| 259|0x0000000090300000, 0x0000000090400000, 0x0000000090400000|100%| E|  |TAMS 0x0000000090300000, 0x0000000090300000| Complete 
| 260|0x0000000090400000, 0x0000000090500000, 0x0000000090500000|100%| E|CS|TAMS 0x0000000090400000, 0x0000000090400000| Complete 
| 261|0x0000000090500000, 0x0000000090600000, 0x0000000090600000|100%| E|CS|TAMS 0x0000000090500000, 0x0000000090500000| Complete 
| 262|0x0000000090600000, 0x0000000090700000, 0x0000000090700000|100%| E|CS|TAMS 0x0000000090600000, 0x0000000090600000| Complete 
| 263|0x0000000090700000, 0x0000000090800000, 0x0000000090800000|100%| E|CS|TAMS 0x0000000090700000, 0x0000000090700000| Complete 
| 264|0x0000000090800000, 0x0000000090900000, 0x0000000090900000|100%| E|CS|TAMS 0x0000000090800000, 0x0000000090800000| Complete 
| 265|0x0000000090900000, 0x0000000090a00000, 0x0000000090a00000|100%| E|CS|TAMS 0x0000000090900000, 0x0000000090900000| Complete 
| 266|0x0000000090a00000, 0x0000000090b00000, 0x0000000090b00000|100%| E|CS|TAMS 0x0000000090a00000, 0x0000000090a00000| Complete 
| 267|0x0000000090b00000, 0x0000000090c00000, 0x0000000090c00000|100%| E|CS|TAMS 0x0000000090b00000, 0x0000000090b00000| Complete 
| 268|0x0000000090c00000, 0x0000000090d00000, 0x0000000090d00000|100%| E|CS|TAMS 0x0000000090c00000, 0x0000000090c00000| Complete 
| 269|0x0000000090d00000, 0x0000000090e00000, 0x0000000090e00000|100%| E|CS|TAMS 0x0000000090d00000, 0x0000000090d00000| Complete 
| 270|0x0000000090e00000, 0x0000000090f00000, 0x0000000090f00000|100%| E|CS|TAMS 0x0000000090e00000, 0x0000000090e00000| Complete 
| 271|0x0000000090f00000, 0x0000000091000000, 0x0000000091000000|100%| E|CS|TAMS 0x0000000090f00000, 0x0000000090f00000| Complete 
| 272|0x0000000091000000, 0x0000000091100000, 0x0000000091100000|100%| E|CS|TAMS 0x0000000091000000, 0x0000000091000000| Complete 
| 273|0x0000000091100000, 0x0000000091200000, 0x0000000091200000|100%| E|CS|TAMS 0x0000000091100000, 0x0000000091100000| Complete 
| 274|0x0000000091200000, 0x0000000091300000, 0x0000000091300000|100%| E|CS|TAMS 0x0000000091200000, 0x0000000091200000| Complete 
| 275|0x0000000091300000, 0x0000000091400000, 0x0000000091400000|100%| E|CS|TAMS 0x0000000091300000, 0x0000000091300000| Complete 
| 276|0x0000000091400000, 0x0000000091500000, 0x0000000091500000|100%| E|CS|TAMS 0x0000000091400000, 0x0000000091400000| Complete 
| 277|0x0000000091500000, 0x0000000091600000, 0x0000000091600000|100%| E|CS|TAMS 0x0000000091500000, 0x0000000091500000| Complete 
| 278|0x0000000091600000, 0x0000000091700000, 0x0000000091700000|100%| E|CS|TAMS 0x0000000091600000, 0x0000000091600000| Complete 
| 279|0x0000000091700000, 0x0000000091800000, 0x0000000091800000|100%| E|CS|TAMS 0x0000000091700000, 0x0000000091700000| Complete 
| 280|0x0000000091800000, 0x0000000091900000, 0x0000000091900000|100%| E|CS|TAMS 0x0000000091800000, 0x0000000091800000| Complete 
| 281|0x0000000091900000, 0x0000000091a00000, 0x0000000091a00000|100%| E|CS|TAMS 0x0000000091900000, 0x0000000091900000| Complete 
| 282|0x0000000091a00000, 0x0000000091b00000, 0x0000000091b00000|100%| E|CS|TAMS 0x0000000091a00000, 0x0000000091a00000| Complete 
| 283|0x0000000091b00000, 0x0000000091c00000, 0x0000000091c00000|100%| E|CS|TAMS 0x0000000091b00000, 0x0000000091b00000| Complete 
| 284|0x0000000091c00000, 0x0000000091d00000, 0x0000000091d00000|100%| E|CS|TAMS 0x0000000091c00000, 0x0000000091c00000| Complete 
| 285|0x0000000091d00000, 0x0000000091e00000, 0x0000000091e00000|100%| E|CS|TAMS 0x0000000091d00000, 0x0000000091d00000| Complete 
| 286|0x0000000091e00000, 0x0000000091f00000, 0x0000000091f00000|100%| E|CS|TAMS 0x0000000091e00000, 0x0000000091e00000| Complete 
| 287|0x0000000091f00000, 0x0000000092000000, 0x0000000092000000|100%| E|CS|TAMS 0x0000000091f00000, 0x0000000091f00000| Complete 
| 288|0x0000000092000000, 0x0000000092100000, 0x0000000092100000|100%| E|CS|TAMS 0x0000000092000000, 0x0000000092000000| Complete 
| 289|0x0000000092100000, 0x0000000092200000, 0x0000000092200000|100%| E|CS|TAMS 0x0000000092100000, 0x0000000092100000| Complete 
| 290|0x0000000092200000, 0x0000000092300000, 0x0000000092300000|100%| E|CS|TAMS 0x0000000092200000, 0x0000000092200000| Complete 
| 291|0x0000000092300000, 0x0000000092400000, 0x0000000092400000|100%| E|CS|TAMS 0x0000000092300000, 0x0000000092300000| Complete 
| 292|0x0000000092400000, 0x0000000092500000, 0x0000000092500000|100%| E|CS|TAMS 0x0000000092400000, 0x0000000092400000| Complete 
| 293|0x0000000092500000, 0x0000000092600000, 0x0000000092600000|100%| E|CS|TAMS 0x0000000092500000, 0x0000000092500000| Complete 
| 294|0x0000000092600000, 0x0000000092700000, 0x0000000092700000|100%| E|CS|TAMS 0x0000000092600000, 0x0000000092600000| Complete 
| 295|0x0000000092700000, 0x0000000092800000, 0x0000000092800000|100%| E|CS|TAMS 0x0000000092700000, 0x0000000092700000| Complete 
| 296|0x0000000092800000, 0x0000000092900000, 0x0000000092900000|100%| E|CS|TAMS 0x0000000092800000, 0x0000000092800000| Complete 
| 297|0x0000000092900000, 0x0000000092a00000, 0x0000000092a00000|100%| E|CS|TAMS 0x0000000092900000, 0x0000000092900000| Complete 
| 298|0x0000000092a00000, 0x0000000092b00000, 0x0000000092b00000|100%| E|CS|TAMS 0x0000000092a00000, 0x0000000092a00000| Complete 
| 299|0x0000000092b00000, 0x0000000092c00000, 0x0000000092c00000|100%| E|CS|TAMS 0x0000000092b00000, 0x0000000092b00000| Complete 
| 300|0x0000000092c00000, 0x0000000092d00000, 0x0000000092d00000|100%| E|CS|TAMS 0x0000000092c00000, 0x0000000092c00000| Complete 
| 301|0x0000000092d00000, 0x0000000092e00000, 0x0000000092e00000|100%| E|CS|TAMS 0x0000000092d00000, 0x0000000092d00000| Complete 
| 302|0x0000000092e00000, 0x0000000092f00000, 0x0000000092f00000|100%| E|CS|TAMS 0x0000000092e00000, 0x0000000092e00000| Complete 
| 303|0x0000000092f00000, 0x0000000093000000, 0x0000000093000000|100%| E|CS|TAMS 0x0000000092f00000, 0x0000000092f00000| Complete 
| 304|0x0000000093000000, 0x0000000093100000, 0x0000000093100000|100%| E|CS|TAMS 0x0000000093000000, 0x0000000093000000| Complete 
| 305|0x0000000093100000, 0x0000000093200000, 0x0000000093200000|100%| E|CS|TAMS 0x0000000093100000, 0x0000000093100000| Complete 
| 306|0x0000000093200000, 0x0000000093300000, 0x0000000093300000|100%| E|CS|TAMS 0x0000000093200000, 0x0000000093200000| Complete 
| 307|0x0000000093300000, 0x0000000093400000, 0x0000000093400000|100%| E|CS|TAMS 0x0000000093300000, 0x0000000093300000| Complete 
| 308|0x0000000093400000, 0x0000000093500000, 0x0000000093500000|100%| E|CS|TAMS 0x0000000093400000, 0x0000000093400000| Complete 
| 309|0x0000000093500000, 0x0000000093600000, 0x0000000093600000|100%| E|CS|TAMS 0x0000000093500000, 0x0000000093500000| Complete 
| 310|0x0000000093600000, 0x0000000093700000, 0x0000000093700000|100%| E|CS|TAMS 0x0000000093600000, 0x0000000093600000| Complete 
| 311|0x0000000093700000, 0x0000000093800000, 0x0000000093800000|100%| E|CS|TAMS 0x0000000093700000, 0x0000000093700000| Complete 
| 312|0x0000000093800000, 0x0000000093900000, 0x0000000093900000|100%| E|  |TAMS 0x0000000093800000, 0x0000000093800000| Complete 
| 313|0x0000000093900000, 0x0000000093a00000, 0x0000000093a00000|100%| E|CS|TAMS 0x0000000093900000, 0x0000000093900000| Complete 
| 314|0x0000000093a00000, 0x0000000093b00000, 0x0000000093b00000|100%| E|CS|TAMS 0x0000000093a00000, 0x0000000093a00000| Complete 
| 315|0x0000000093b00000, 0x0000000093c00000, 0x0000000093c00000|100%| E|CS|TAMS 0x0000000093b00000, 0x0000000093b00000| Complete 
| 316|0x0000000093c00000, 0x0000000093d00000, 0x0000000093d00000|100%| E|CS|TAMS 0x0000000093c00000, 0x0000000093c00000| Complete 
| 317|0x0000000093d00000, 0x0000000093e00000, 0x0000000093e00000|100%| E|CS|TAMS 0x0000000093d00000, 0x0000000093d00000| Complete 
| 318|0x0000000093e00000, 0x0000000093f00000, 0x0000000093f00000|100%| E|CS|TAMS 0x0000000093e00000, 0x0000000093e00000| Complete 
| 319|0x0000000093f00000, 0x0000000094000000, 0x0000000094000000|100%| E|CS|TAMS 0x0000000093f00000, 0x0000000093f00000| Complete 
| 320|0x0000000094000000, 0x0000000094100000, 0x0000000094100000|100%| E|CS|TAMS 0x0000000094000000, 0x0000000094000000| Complete 
| 321|0x0000000094100000, 0x0000000094200000, 0x0000000094200000|100%| E|CS|TAMS 0x0000000094100000, 0x0000000094100000| Complete 
| 322|0x0000000094200000, 0x0000000094300000, 0x0000000094300000|100%| E|CS|TAMS 0x0000000094200000, 0x0000000094200000| Complete 
| 323|0x0000000094300000, 0x0000000094400000, 0x0000000094400000|100%| E|CS|TAMS 0x0000000094300000, 0x0000000094300000| Complete 
| 324|0x0000000094400000, 0x0000000094500000, 0x0000000094500000|100%| E|CS|TAMS 0x0000000094400000, 0x0000000094400000| Complete 
| 325|0x0000000094500000, 0x0000000094600000, 0x0000000094600000|100%| E|CS|TAMS 0x0000000094500000, 0x0000000094500000| Complete 
| 326|0x0000000094600000, 0x0000000094700000, 0x0000000094700000|100%| E|CS|TAMS 0x0000000094600000, 0x0000000094600000| Complete 
| 327|0x0000000094700000, 0x0000000094800000, 0x0000000094800000|100%| E|CS|TAMS 0x0000000094700000, 0x0000000094700000| Complete 
| 328|0x0000000094800000, 0x0000000094900000, 0x0000000094900000|100%| E|CS|TAMS 0x0000000094800000, 0x0000000094800000| Complete 
| 329|0x0000000094900000, 0x0000000094a00000, 0x0000000094a00000|100%| E|CS|TAMS 0x0000000094900000, 0x0000000094900000| Complete 
| 330|0x0000000094a00000, 0x0000000094b00000, 0x0000000094b00000|100%| E|CS|TAMS 0x0000000094a00000, 0x0000000094a00000| Complete 
| 331|0x0000000094b00000, 0x0000000094c00000, 0x0000000094c00000|100%| E|CS|TAMS 0x0000000094b00000, 0x0000000094b00000| Complete 
| 332|0x0000000094c00000, 0x0000000094d00000, 0x0000000094d00000|100%| E|CS|TAMS 0x0000000094c00000, 0x0000000094c00000| Complete 
| 333|0x0000000094d00000, 0x0000000094e00000, 0x0000000094e00000|100%| E|CS|TAMS 0x0000000094d00000, 0x0000000094d00000| Complete 
| 334|0x0000000094e00000, 0x0000000094f00000, 0x0000000094f00000|100%| E|CS|TAMS 0x0000000094e00000, 0x0000000094e00000| Complete 
| 335|0x0000000094f00000, 0x0000000095000000, 0x0000000095000000|100%| E|CS|TAMS 0x0000000094f00000, 0x0000000094f00000| Complete 
| 336|0x0000000095000000, 0x0000000095100000, 0x0000000095100000|100%| E|CS|TAMS 0x0000000095000000, 0x0000000095000000| Complete 
| 337|0x0000000095100000, 0x0000000095200000, 0x0000000095200000|100%| E|CS|TAMS 0x0000000095100000, 0x0000000095100000| Complete 
| 338|0x0000000095200000, 0x0000000095300000, 0x0000000095300000|100%| E|CS|TAMS 0x0000000095200000, 0x0000000095200000| Complete 
| 339|0x0000000095300000, 0x0000000095400000, 0x0000000095400000|100%| E|CS|TAMS 0x0000000095300000, 0x0000000095300000| Complete 
| 340|0x0000000095400000, 0x0000000095500000, 0x0000000095500000|100%| E|CS|TAMS 0x0000000095400000, 0x0000000095400000| Complete 
| 341|0x0000000095500000, 0x0000000095600000, 0x0000000095600000|100%| E|CS|TAMS 0x0000000095500000, 0x0000000095500000| Complete 
| 342|0x0000000095600000, 0x0000000095700000, 0x0000000095700000|100%| E|CS|TAMS 0x0000000095600000, 0x0000000095600000| Complete 
| 343|0x0000000095700000, 0x0000000095800000, 0x0000000095800000|100%| E|CS|TAMS 0x0000000095700000, 0x0000000095700000| Complete 
| 344|0x0000000095800000, 0x0000000095900000, 0x0000000095900000|100%| E|CS|TAMS 0x0000000095800000, 0x0000000095800000| Complete 
| 345|0x0000000095900000, 0x0000000095a00000, 0x0000000095a00000|100%| E|CS|TAMS 0x0000000095900000, 0x0000000095900000| Complete 
| 346|0x0000000095a00000, 0x0000000095b00000, 0x0000000095b00000|100%| E|CS|TAMS 0x0000000095a00000, 0x0000000095a00000| Complete 
| 347|0x0000000095b00000, 0x0000000095c00000, 0x0000000095c00000|100%| E|CS|TAMS 0x0000000095b00000, 0x0000000095b00000| Complete 
| 348|0x0000000095c00000, 0x0000000095d00000, 0x0000000095d00000|100%| E|CS|TAMS 0x0000000095c00000, 0x0000000095c00000| Complete 
| 349|0x0000000095d00000, 0x0000000095e00000, 0x0000000095e00000|100%| E|CS|TAMS 0x0000000095d00000, 0x0000000095d00000| Complete 
| 350|0x0000000095e00000, 0x0000000095f00000, 0x0000000095f00000|100%| E|CS|TAMS 0x0000000095e00000, 0x0000000095e00000| Complete 
| 351|0x0000000095f00000, 0x0000000096000000, 0x0000000096000000|100%| E|CS|TAMS 0x0000000095f00000, 0x0000000095f00000| Complete 
| 352|0x0000000096000000, 0x0000000096100000, 0x0000000096100000|100%| E|CS|TAMS 0x0000000096000000, 0x0000000096000000| Complete 
| 353|0x0000000096100000, 0x0000000096200000, 0x0000000096200000|100%| E|CS|TAMS 0x0000000096100000, 0x0000000096100000| Complete 
| 354|0x0000000096200000, 0x0000000096300000, 0x0000000096300000|100%| E|CS|TAMS 0x0000000096200000, 0x0000000096200000| Complete 
| 355|0x0000000096300000, 0x0000000096400000, 0x0000000096400000|100%| E|CS|TAMS 0x0000000096300000, 0x0000000096300000| Complete 
| 356|0x0000000096400000, 0x0000000096500000, 0x0000000096500000|100%| E|CS|TAMS 0x0000000096400000, 0x0000000096400000| Complete 
| 357|0x0000000096500000, 0x0000000096600000, 0x0000000096600000|100%| E|CS|TAMS 0x0000000096500000, 0x0000000096500000| Complete 
| 358|0x0000000096600000, 0x0000000096700000, 0x0000000096700000|100%| E|CS|TAMS 0x0000000096600000, 0x0000000096600000| Complete 
| 359|0x0000000096700000, 0x0000000096800000, 0x0000000096800000|100%| E|CS|TAMS 0x0000000096700000, 0x0000000096700000| Complete 
| 360|0x0000000096800000, 0x0000000096900000, 0x0000000096900000|100%| E|CS|TAMS 0x0000000096800000, 0x0000000096800000| Complete 
| 361|0x0000000096900000, 0x0000000096a00000, 0x0000000096a00000|100%| E|CS|TAMS 0x0000000096900000, 0x0000000096900000| Complete 
| 362|0x0000000096a00000, 0x0000000096b00000, 0x0000000096b00000|100%| E|CS|TAMS 0x0000000096a00000, 0x0000000096a00000| Complete 
| 363|0x0000000096b00000, 0x0000000096c00000, 0x0000000096c00000|100%| E|CS|TAMS 0x0000000096b00000, 0x0000000096b00000| Complete 
| 364|0x0000000096c00000, 0x0000000096d00000, 0x0000000096d00000|100%| E|CS|TAMS 0x0000000096c00000, 0x0000000096c00000| Complete 
| 365|0x0000000096d00000, 0x0000000096e00000, 0x0000000096e00000|100%| E|CS|TAMS 0x0000000096d00000, 0x0000000096d00000| Complete 
| 366|0x0000000096e00000, 0x0000000096f00000, 0x0000000096f00000|100%| E|CS|TAMS 0x0000000096e00000, 0x0000000096e00000| Complete 
| 367|0x0000000096f00000, 0x0000000097000000, 0x0000000097000000|100%| E|CS|TAMS 0x0000000096f00000, 0x0000000096f00000| Complete 
| 368|0x0000000097000000, 0x0000000097100000, 0x0000000097100000|100%| E|CS|TAMS 0x0000000097000000, 0x0000000097000000| Complete 
| 369|0x0000000097100000, 0x0000000097200000, 0x0000000097200000|100%| E|CS|TAMS 0x0000000097100000, 0x0000000097100000| Complete 
| 370|0x0000000097200000, 0x0000000097300000, 0x0000000097300000|100%| E|CS|TAMS 0x0000000097200000, 0x0000000097200000| Complete 
| 371|0x0000000097300000, 0x0000000097400000, 0x0000000097400000|100%| E|CS|TAMS 0x0000000097300000, 0x0000000097300000| Complete 
| 372|0x0000000097400000, 0x0000000097500000, 0x0000000097500000|100%| E|CS|TAMS 0x0000000097400000, 0x0000000097400000| Complete 
| 373|0x0000000097500000, 0x0000000097600000, 0x0000000097600000|100%| E|CS|TAMS 0x0000000097500000, 0x0000000097500000| Complete 
| 374|0x0000000097600000, 0x0000000097700000, 0x0000000097700000|100%| E|CS|TAMS 0x0000000097600000, 0x0000000097600000| Complete 
| 375|0x0000000097700000, 0x0000000097800000, 0x0000000097800000|100%| E|CS|TAMS 0x0000000097700000, 0x0000000097700000| Complete 
| 376|0x0000000097800000, 0x0000000097900000, 0x0000000097900000|100%| E|CS|TAMS 0x0000000097800000, 0x0000000097800000| Complete 
| 377|0x0000000097900000, 0x0000000097a00000, 0x0000000097a00000|100%| E|CS|TAMS 0x0000000097900000, 0x0000000097900000| Complete 
| 378|0x0000000097a00000, 0x0000000097b00000, 0x0000000097b00000|100%| E|CS|TAMS 0x0000000097a00000, 0x0000000097a00000| Complete 
| 379|0x0000000097b00000, 0x0000000097c00000, 0x0000000097c00000|100%| E|CS|TAMS 0x0000000097b00000, 0x0000000097b00000| Complete 
| 380|0x0000000097c00000, 0x0000000097d00000, 0x0000000097d00000|100%| E|CS|TAMS 0x0000000097c00000, 0x0000000097c00000| Complete 
| 381|0x0000000097d00000, 0x0000000097e00000, 0x0000000097e00000|100%| E|CS|TAMS 0x0000000097d00000, 0x0000000097d00000| Complete 
| 382|0x0000000097e00000, 0x0000000097f00000, 0x0000000097f00000|100%| E|CS|TAMS 0x0000000097e00000, 0x0000000097e00000| Complete 
| 383|0x0000000097f00000, 0x0000000098000000, 0x0000000098000000|100%| E|CS|TAMS 0x0000000097f00000, 0x0000000097f00000| Complete 
| 384|0x0000000098000000, 0x0000000098100000, 0x0000000098100000|100%| E|CS|TAMS 0x0000000098000000, 0x0000000098000000| Complete 
| 385|0x0000000098100000, 0x0000000098200000, 0x0000000098200000|100%| E|CS|TAMS 0x0000000098100000, 0x0000000098100000| Complete 
| 386|0x0000000098200000, 0x0000000098300000, 0x0000000098300000|100%| E|CS|TAMS 0x0000000098200000, 0x0000000098200000| Complete 
| 387|0x0000000098300000, 0x0000000098400000, 0x0000000098400000|100%| E|CS|TAMS 0x0000000098300000, 0x0000000098300000| Complete 
| 388|0x0000000098400000, 0x0000000098500000, 0x0000000098500000|100%| E|CS|TAMS 0x0000000098400000, 0x0000000098400000| Complete 
| 389|0x0000000098500000, 0x0000000098600000, 0x0000000098600000|100%| E|CS|TAMS 0x0000000098500000, 0x0000000098500000| Complete 
| 390|0x0000000098600000, 0x0000000098700000, 0x0000000098700000|100%| E|CS|TAMS 0x0000000098600000, 0x0000000098600000| Complete 
| 391|0x0000000098700000, 0x0000000098800000, 0x0000000098800000|100%| E|CS|TAMS 0x0000000098700000, 0x0000000098700000| Complete 
| 392|0x0000000098800000, 0x0000000098900000, 0x0000000098900000|100%| E|CS|TAMS 0x0000000098800000, 0x0000000098800000| Complete 
| 393|0x0000000098900000, 0x0000000098a00000, 0x0000000098a00000|100%| E|CS|TAMS 0x0000000098900000, 0x0000000098900000| Complete 
| 394|0x0000000098a00000, 0x0000000098b00000, 0x0000000098b00000|100%| E|CS|TAMS 0x0000000098a00000, 0x0000000098a00000| Complete 
| 395|0x0000000098b00000, 0x0000000098c00000, 0x0000000098c00000|100%| E|CS|TAMS 0x0000000098b00000, 0x0000000098b00000| Complete 
| 396|0x0000000098c00000, 0x0000000098d00000, 0x0000000098d00000|100%| E|CS|TAMS 0x0000000098c00000, 0x0000000098c00000| Complete 
| 397|0x0000000098d00000, 0x0000000098e00000, 0x0000000098e00000|100%| E|CS|TAMS 0x0000000098d00000, 0x0000000098d00000| Complete 
| 398|0x0000000098e00000, 0x0000000098f00000, 0x0000000098f00000|100%| E|CS|TAMS 0x0000000098e00000, 0x0000000098e00000| Complete 
| 399|0x0000000098f00000, 0x0000000099000000, 0x0000000099000000|100%| E|CS|TAMS 0x0000000098f00000, 0x0000000098f00000| Complete 
| 400|0x0000000099000000, 0x0000000099100000, 0x0000000099100000|100%| E|CS|TAMS 0x0000000099000000, 0x0000000099000000| Complete 
| 401|0x0000000099100000, 0x0000000099200000, 0x0000000099200000|100%| E|CS|TAMS 0x0000000099100000, 0x0000000099100000| Complete 
| 402|0x0000000099200000, 0x0000000099300000, 0x0000000099300000|100%| E|CS|TAMS 0x0000000099200000, 0x0000000099200000| Complete 
| 403|0x0000000099300000, 0x0000000099400000, 0x0000000099400000|100%| E|CS|TAMS 0x0000000099300000, 0x0000000099300000| Complete 
| 404|0x0000000099400000, 0x0000000099500000, 0x0000000099500000|100%| E|CS|TAMS 0x0000000099400000, 0x0000000099400000| Complete 
| 405|0x0000000099500000, 0x0000000099600000, 0x0000000099600000|100%| E|CS|TAMS 0x0000000099500000, 0x0000000099500000| Complete 
| 406|0x0000000099600000, 0x0000000099700000, 0x0000000099700000|100%| E|CS|TAMS 0x0000000099600000, 0x0000000099600000| Complete 
| 407|0x0000000099700000, 0x0000000099800000, 0x0000000099800000|100%| E|CS|TAMS 0x0000000099700000, 0x0000000099700000| Complete 
| 408|0x0000000099800000, 0x0000000099900000, 0x0000000099900000|100%| E|CS|TAMS 0x0000000099800000, 0x0000000099800000| Complete 
| 409|0x0000000099900000, 0x0000000099a00000, 0x0000000099a00000|100%| E|CS|TAMS 0x0000000099900000, 0x0000000099900000| Complete 
| 410|0x0000000099a00000, 0x0000000099b00000, 0x0000000099b00000|100%| E|CS|TAMS 0x0000000099a00000, 0x0000000099a00000| Complete 
| 411|0x0000000099b00000, 0x0000000099c00000, 0x0000000099c00000|100%| E|CS|TAMS 0x0000000099b00000, 0x0000000099b00000| Complete 
| 412|0x0000000099c00000, 0x0000000099d00000, 0x0000000099d00000|100%| E|CS|TAMS 0x0000000099c00000, 0x0000000099c00000| Complete 
| 413|0x0000000099d00000, 0x0000000099e00000, 0x0000000099e00000|100%| E|CS|TAMS 0x0000000099d00000, 0x0000000099d00000| Complete 
| 414|0x0000000099e00000, 0x0000000099f00000, 0x0000000099f00000|100%| E|CS|TAMS 0x0000000099e00000, 0x0000000099e00000| Complete 
| 415|0x0000000099f00000, 0x000000009a000000, 0x000000009a000000|100%| E|CS|TAMS 0x0000000099f00000, 0x0000000099f00000| Complete 
| 416|0x000000009a000000, 0x000000009a100000, 0x000000009a100000|100%| E|CS|TAMS 0x000000009a000000, 0x000000009a000000| Complete 
| 417|0x000000009a100000, 0x000000009a200000, 0x000000009a200000|100%| E|CS|TAMS 0x000000009a100000, 0x000000009a100000| Complete 
| 418|0x000000009a200000, 0x000000009a300000, 0x000000009a300000|100%| E|CS|TAMS 0x000000009a200000, 0x000000009a200000| Complete 
| 419|0x000000009a300000, 0x000000009a400000, 0x000000009a400000|100%| E|CS|TAMS 0x000000009a300000, 0x000000009a300000| Complete 
| 420|0x000000009a400000, 0x000000009a500000, 0x000000009a500000|100%| E|CS|TAMS 0x000000009a400000, 0x000000009a400000| Complete 
| 421|0x000000009a500000, 0x000000009a600000, 0x000000009a600000|100%| E|CS|TAMS 0x000000009a500000, 0x000000009a500000| Complete 
| 422|0x000000009a600000, 0x000000009a700000, 0x000000009a700000|100%| E|CS|TAMS 0x000000009a600000, 0x000000009a600000| Complete 
| 423|0x000000009a700000, 0x000000009a800000, 0x000000009a800000|100%| E|CS|TAMS 0x000000009a700000, 0x000000009a700000| Complete 
| 424|0x000000009a800000, 0x000000009a900000, 0x000000009a900000|100%| E|CS|TAMS 0x000000009a800000, 0x000000009a800000| Complete 
| 425|0x000000009a900000, 0x000000009aa00000, 0x000000009aa00000|100%| E|CS|TAMS 0x000000009a900000, 0x000000009a900000| Complete 
| 426|0x000000009aa00000, 0x000000009ab00000, 0x000000009ab00000|100%| E|CS|TAMS 0x000000009aa00000, 0x000000009aa00000| Complete 
| 427|0x000000009ab00000, 0x000000009ac00000, 0x000000009ac00000|100%| E|CS|TAMS 0x000000009ab00000, 0x000000009ab00000| Complete 
| 428|0x000000009ac00000, 0x000000009ad00000, 0x000000009ad00000|100%| E|CS|TAMS 0x000000009ac00000, 0x000000009ac00000| Complete 
| 429|0x000000009ad00000, 0x000000009ae00000, 0x000000009ae00000|100%| E|CS|TAMS 0x000000009ad00000, 0x000000009ad00000| Complete 

Card table byte_map: [0x0000014cd5f90000,0x0000014cd6390000] _byte_map_base: 0x0000014cd5b90000

Marking Bits (Prev, Next): (CMBitMap*) 0x0000014cc146c680, (CMBitMap*) 0x0000014cc146c640
 Prev Bits: [0x0000014cd8790000, 0x0000014cda790000)
 Next Bits: [0x0000014cd6790000, 0x0000014cd8790000)

Polling page: 0x0000014cc14d0000

Metaspace:

Usage:
  Non-class:    114.34 MB used.
      Class:     18.36 MB used.
       Both:    132.71 MB used.

Virtual space:
  Non-class space:      120.00 MB reserved,     115.06 MB ( 96%) committed,  15 nodes.
      Class space:        1.00 GB reserved,      19.06 MB (  2%) committed,  1 nodes.
             Both:        1.12 GB reserved,     134.12 MB ( 12%) committed. 

Chunk freelists:
   Non-Class:  335.00 KB
       Class:  952.00 KB
        Both:  1.26 MB

MaxMetaspaceSize: unlimited
CompressedClassSpaceSize: 1.00 GB
Initial GC threshold: 21.00 MB
Current GC threshold: 161.56 MB
CDS: off
MetaspaceReclaimPolicy: balanced
 - commit_granule_bytes: 65536.
 - commit_granule_words: 8192.
 - virtual_space_node_default_size: 1048576.
 - enlarge_chunks_in_place: 1.
 - new_chunks_are_fully_committed: 0.
 - uncommit_free_chunks: 1.
 - use_allocation_guard: 0.
 - handle_deallocations: 1.


Internal statistics:

num_allocs_failed_limit: 9.
num_arena_births: 2432.
num_arena_deaths: 14.
num_vsnodes_births: 16.
num_vsnodes_deaths: 0.
num_space_committed: 2145.
num_space_uncommitted: 0.
num_chunks_returned_to_freelist: 28.
num_chunks_taken_from_freelist: 7857.
num_chunk_merges: 17.
num_chunk_splits: 4990.
num_chunks_enlarged: 3044.
num_purges: 2.
num_inconsistent_stats: 0.

CodeHeap 'non-profiled nmethods': size=120000Kb used=13915Kb max_used=13915Kb free=106084Kb
 bounds [0x0000014ccdce0000, 0x0000014ccea80000, 0x0000014cd5210000]
CodeHeap 'profiled nmethods': size=120000Kb used=36097Kb max_used=36097Kb free=83902Kb
 bounds [0x0000014cc6210000, 0x0000014cc8560000, 0x0000014ccd740000]
CodeHeap 'non-nmethods': size=5760Kb used=2471Kb max_used=2559Kb free=3288Kb
 bounds [0x0000014ccd740000, 0x0000014ccd9d0000, 0x0000014ccdce0000]
 total_blobs=19816 nmethods=18814 adapters=913
 compilation: enabled
              stopped_count=0, restarted_count=0
 full_count=0

Compilation events (20 events):
Event: 916.959 Thread 0x0000014cdd38b1d0 nmethod 22947 0x0000014cc853a090 code [0x0000014cc853a320, 0x0000014cc853b0e8]
Event: 916.959 Thread 0x0000014cdd38b1d0 22948       3       org.gradle.execution.plan.LocalTaskNode::getDependencies (18 bytes)
Event: 916.959 Thread 0x0000014cdd38b1d0 nmethod 22948 0x0000014cc853b690 code [0x0000014cc853b880, 0x0000014cc853be68]
Event: 916.959 Thread 0x0000014cdd38b1d0 22949       3       org.gradle.api.DefaultTask::getTaskDependencies (5 bytes)
Event: 916.959 Thread 0x0000014cdd38b1d0 nmethod 22949 0x0000014cc853c110 code [0x0000014cc853c2e0, 0x0000014cc853c6f8]
Event: 916.959 Thread 0x0000014cdd38b1d0 22945       3       org.gradle.api.internal.artifacts.configurations.DefaultConfiguration$ConfigurationFileCollection::visitDependencies (91 bytes)
Event: 916.960 Thread 0x0000014cdd38b1d0 nmethod 22945 0x0000014cc853c890 code [0x0000014cc853cbe0, 0x0000014cc853e158]
Event: 916.960 Thread 0x0000014cdd38b1d0 22950       3       org.gradle.api.internal.provider.DefaultMapProperty$CollectingSupplier::<init> (15 bytes)
Event: 916.960 Thread 0x0000014cdd38b1d0 nmethod 22950 0x0000014cc853e910 code [0x0000014cc853eac0, 0x0000014cc853ecd8]
Event: 916.961 Thread 0x0000014cdd38b1d0 22951       3       org.gradle.api.internal.project.taskfactory.StandardTaskAction::<init> (15 bytes)
Event: 916.961 Thread 0x0000014cdd38b1d0 nmethod 22951 0x0000014cc853ed90 code [0x0000014cc853ef40, 0x0000014cc853f158]
Event: 916.961 Thread 0x0000014cdd38b1d0 22952       3       org.gradle.api.internal.AbstractTask::prependParallelSafeAction (30 bytes)
Event: 916.961 Thread 0x0000014cdd38b1d0 nmethod 22952 0x0000014cc853f210 code [0x0000014cc853f400, 0x0000014cc853f9b8]
Event: 916.961 Thread 0x0000014cdd38b1d0 22953       3       org.gradle.api.internal.AbstractTask::wrap (8 bytes)
Event: 916.961 Thread 0x0000014cdd38b1d0 nmethod 22953 0x0000014cc853fb90 code [0x0000014cc853fd40, 0x0000014cc853fe88]
Event: 916.962 Thread 0x0000014cdd38b1d0 22957       3       com.android.build.gradle.internal.scope.ArtifactTypeUtil::getOutputPath (151 bytes)
Event: 917.971 Thread 0x0000014cdd38b1d0 nmethod 22957 0x0000014cc853ff10 code [0x0000014cc85404a0, 0x0000014cc85432c8]
Event: 917.971 Thread 0x0000014cdd38b1d0 22962       3       com.android.build.api.artifact.impl.ArtifactNamingContext::getOutputLocation (60 bytes)
Event: 917.972 Thread 0x0000014cdd38b1d0 nmethod 22962 0x0000014cc8544390 code [0x0000014cc8544580, 0x0000014cc8544c88]
Event: 917.972 Thread 0x0000014cdd38b1d0 22958       3       com.android.build.gradle.internal.scope.ArtifactTypeUtil::getOutputDir (67 bytes)

GC Heap History (20 events):
Event: 13.299 GC heap before
{Heap before GC invocations=31 (full 0):
 garbage-first heap   total 201728K, used 154661K [0x0000000080000000, 0x0000000100000000)
  region size 1024K, 55 young (56320K), 6 survivors (6144K)
 Metaspace       used 101112K, committed 101760K, reserved 1138688K
  class space    used 13652K, committed 13952K, reserved 1048576K
}
Event: 13.304 GC heap after
{Heap after GC invocations=32 (full 0):
 garbage-first heap   total 201728K, used 108532K [0x0000000080000000, 0x0000000100000000)
  region size 1024K, 5 young (5120K), 5 survivors (5120K)
 Metaspace       used 101112K, committed 101760K, reserved 1138688K
  class space    used 13652K, committed 13952K, reserved 1048576K
}
Event: 13.908 GC heap before
{Heap before GC invocations=32 (full 0):
 garbage-first heap   total 201728K, used 159732K [0x0000000080000000, 0x0000000100000000)
  region size 1024K, 54 young (55296K), 5 survivors (5120K)
 Metaspace       used 108437K, committed 109184K, reserved 1146880K
  class space    used 14578K, committed 14976K, reserved 1048576K
}
Event: 13.914 GC heap after
{Heap after GC invocations=33 (full 0):
 garbage-first heap   total 201728K, used 116783K [0x0000000080000000, 0x0000000100000000)
  region size 1024K, 7 young (7168K), 7 survivors (7168K)
 Metaspace       used 108437K, committed 109184K, reserved 1146880K
  class space    used 14578K, committed 14976K, reserved 1048576K
}
Event: 14.468 GC heap before
{Heap before GC invocations=33 (full 0):
 garbage-first heap   total 201728K, used 163887K [0x0000000080000000, 0x0000000100000000)
  region size 1024K, 51 young (52224K), 7 survivors (7168K)
 Metaspace       used 111038K, committed 111872K, reserved 1146880K
  class space    used 14957K, committed 15360K, reserved 1048576K
}
Event: 14.471 GC heap after
{Heap after GC invocations=34 (full 0):
 garbage-first heap   total 201728K, used 114511K [0x0000000080000000, 0x0000000100000000)
  region size 1024K, 2 young (2048K), 2 survivors (2048K)
 Metaspace       used 111038K, committed 111872K, reserved 1146880K
  class space    used 14957K, committed 15360K, reserved 1048576K
}
Event: 14.918 GC heap before
{Heap before GC invocations=34 (full 0):
 garbage-first heap   total 201728K, used 161615K [0x0000000080000000, 0x0000000100000000)
  region size 1024K, 49 young (50176K), 2 survivors (2048K)
 Metaspace       used 118341K, committed 119104K, reserved 1155072K
  class space    used 16076K, committed 16448K, reserved 1048576K
}
Event: 14.924 GC heap after
{Heap after GC invocations=35 (full 0):
 garbage-first heap   total 201728K, used 121177K [0x0000000080000000, 0x0000000100000000)
  region size 1024K, 7 young (7168K), 7 survivors (7168K)
 Metaspace       used 118341K, committed 119104K, reserved 1155072K
  class space    used 16076K, committed 16448K, reserved 1048576K
}
Event: 15.266 GC heap before
{Heap before GC invocations=35 (full 0):
 garbage-first heap   total 201728K, used 162137K [0x0000000080000000, 0x0000000100000000)
  region size 1024K, 48 young (49152K), 7 survivors (7168K)
 Metaspace       used 124206K, committed 124992K, reserved 1163264K
  class space    used 17218K, committed 17600K, reserved 1048576K
}
Event: 15.272 GC heap after
{Heap after GC invocations=36 (full 0):
 garbage-first heap   total 201728K, used 123482K [0x0000000080000000, 0x0000000100000000)
  region size 1024K, 3 young (3072K), 3 survivors (3072K)
 Metaspace       used 124206K, committed 124992K, reserved 1163264K
  class space    used 17218K, committed 17600K, reserved 1048576K
}
Event: 15.613 GC heap before
{Heap before GC invocations=36 (full 0):
 garbage-first heap   total 201728K, used 165466K [0x0000000080000000, 0x0000000100000000)
  region size 1024K, 44 young (45056K), 3 survivors (3072K)
 Metaspace       used 128068K, committed 128896K, reserved 1163264K
  class space    used 17942K, committed 18304K, reserved 1048576K
}
Event: 15.618 GC heap after
{Heap after GC invocations=37 (full 0):
 garbage-first heap   total 440320K, used 125091K [0x0000000080000000, 0x0000000100000000)
  region size 1024K, 4 young (4096K), 4 survivors (4096K)
 Metaspace       used 128068K, committed 128896K, reserved 1163264K
  class space    used 17942K, committed 18304K, reserved 1048576K
}
Event: 82.109 GC heap before
{Heap before GC invocations=37 (full 0):
 garbage-first heap   total 440320K, used 369827K [0x0000000080000000, 0x0000000100000000)
  region size 1024K, 213 young (218112K), 4 survivors (4096K)
 Metaspace       used 132637K, committed 133632K, reserved 1163264K
  class space    used 18527K, committed 19008K, reserved 1048576K
}
Event: 82.122 GC heap after
{Heap after GC invocations=38 (full 0):
 garbage-first heap   total 440320K, used 129274K [0x0000000080000000, 0x0000000100000000)
  region size 1024K, 6 young (6144K), 6 survivors (6144K)
 Metaspace       used 132637K, committed 133632K, reserved 1163264K
  class space    used 18527K, committed 19008K, reserved 1048576K
}
Event: 227.507 GC heap before
{Heap before GC invocations=38 (full 0):
 garbage-first heap   total 440320K, used 365818K [0x0000000080000000, 0x0000000100000000)
  region size 1024K, 238 young (243712K), 6 survivors (6144K)
 Metaspace       used 133691K, committed 134720K, reserved 1171456K
  class space    used 18594K, committed 19136K, reserved 1048576K
}
Event: 227.514 GC heap after
{Heap after GC invocations=39 (full 0):
 garbage-first heap   total 440320K, used 127213K [0x0000000080000000, 0x0000000100000000)
  region size 1024K, 6 young (6144K), 6 survivors (6144K)
 Metaspace       used 133691K, committed 134720K, reserved 1171456K
  class space    used 18594K, committed 19136K, reserved 1048576K
}
Event: 229.236 GC heap before
{Heap before GC invocations=39 (full 0):
 garbage-first heap   total 440320K, used 290029K [0x0000000080000000, 0x0000000100000000)
  region size 1024K, 137 young (140288K), 6 survivors (6144K)
 Metaspace       used 134123K, committed 135168K, reserved 1171456K
  class space    used 18618K, committed 19136K, reserved 1048576K
}
Event: 229.245 GC heap after
{Heap after GC invocations=40 (full 0):
 garbage-first heap   total 440320K, used 145621K [0x0000000080000000, 0x0000000100000000)
  region size 1024K, 14 young (14336K), 14 survivors (14336K)
 Metaspace       used 134123K, committed 135168K, reserved 1171456K
  class space    used 18618K, committed 19136K, reserved 1048576K
}
Event: 888.647 GC heap before
{Heap before GC invocations=40 (full 0):
 garbage-first heap   total 440320K, used 384213K [0x0000000080000000, 0x0000000100000000)
  region size 1024K, 228 young (233472K), 14 survivors (14336K)
 Metaspace       used 135433K, committed 136896K, reserved 1171456K
  class space    used 18801K, committed 19520K, reserved 1048576K
}
Event: 888.653 GC heap after
{Heap after GC invocations=41 (full 0):
 garbage-first heap   total 440320K, used 128612K [0x0000000080000000, 0x0000000100000000)
  region size 1024K, 6 young (6144K), 6 survivors (6144K)
 Metaspace       used 135433K, committed 136896K, reserved 1171456K
  class space    used 18801K, committed 19520K, reserved 1048576K
}

Dll operation events (2 events):
Event: 0.012 Loaded shared library C:\Program Files\Android\Android Studio\jbr\bin\java.dll
Event: 0.365 Loaded shared library C:\Program Files\Android\Android Studio\jbr\bin\verify.dll

Deoptimization events (20 events):
Event: 889.438 Thread 0x0000014cebac0ae0 DEOPT PACKING pc=0x0000014ccea55ae8 sp=0x000000031ccfba30
Event: 889.438 Thread 0x0000014cebac0ae0 DEOPT UNPACKING pc=0x0000014ccd79a1a3 sp=0x000000031ccfb9b0 mode 2
Event: 889.455 Thread 0x0000014ce203d120 DEOPT PACKING pc=0x0000014cc7dfebd5 sp=0x00000003245ff460
Event: 889.455 Thread 0x0000014ce203d120 DEOPT UNPACKING pc=0x0000014ccd79ace3 sp=0x00000003245fe900 mode 0
Event: 901.490 Thread 0x0000014ce02b5c30 Uncommon trap: trap_request=0xffffff45 fr.pc=0x0000014cce97d0bc relative=0x0000000000002e7c
Event: 901.490 Thread 0x0000014ce02b5c30 Uncommon trap: reason=unstable_if action=reinterpret pc=0x0000014cce97d0bc method=org.gradle.internal.logging.sink.LogEventDispatcher.onOutput(Lorg/gradle/internal/logging/events/OutputEvent;)V @ 35 c2
Event: 901.490 Thread 0x0000014ce02b5c30 DEOPT PACKING pc=0x0000014cce97d0bc sp=0x000000031cbfec30
Event: 901.490 Thread 0x0000014ce02b5c30 DEOPT UNPACKING pc=0x0000014ccd79a1a3 sp=0x000000031cbfebc0 mode 2
Event: 901.491 Thread 0x0000014ce02b5c30 Uncommon trap: trap_request=0xffffff45 fr.pc=0x0000014cce903778 relative=0x0000000000005b18
Event: 901.491 Thread 0x0000014ce02b5c30 Uncommon trap: reason=unstable_if action=reinterpret pc=0x0000014cce903778 method=java.text.SimpleDateFormat.zeroPaddingNumber(IIILjava/lang/StringBuffer;)V @ 4 c2
Event: 901.491 Thread 0x0000014ce02b5c30 DEOPT PACKING pc=0x0000014cce903778 sp=0x000000031cbfe900
Event: 901.491 Thread 0x0000014ce02b5c30 DEOPT UNPACKING pc=0x0000014ccd79a1a3 sp=0x000000031cbfe860 mode 2
Event: 901.492 Thread 0x0000014ce02b5c30 Uncommon trap: trap_request=0xffffff45 fr.pc=0x0000014cce884320 relative=0x0000000000000920
Event: 901.492 Thread 0x0000014ce02b5c30 Uncommon trap: reason=unstable_if action=reinterpret pc=0x0000014cce884320 method=sun.nio.cs.UTF_8$Encoder.encodeArrayLoopSlow(Ljava/nio/CharBuffer;[CIILjava/nio/ByteBuffer;[BII)Ljava/nio/charset/CoderResult; @ 3 c2
Event: 901.492 Thread 0x0000014ce02b5c30 DEOPT PACKING pc=0x0000014cce884320 sp=0x000000031cbfe120
Event: 901.492 Thread 0x0000014ce02b5c30 DEOPT UNPACKING pc=0x0000014ccd79a1a3 sp=0x000000031cbfe090 mode 2
Event: 916.881 Thread 0x0000014cebac0ae0 DEOPT PACKING pc=0x0000014cc67fe4ce sp=0x000000031ccf9370
Event: 916.881 Thread 0x0000014cebac0ae0 DEOPT UNPACKING pc=0x0000014ccd79ace3 sp=0x000000031ccf8838 mode 0
Event: 916.947 Thread 0x0000014cebac0ae0 DEOPT PACKING pc=0x0000014cc7c01584 sp=0x000000031ccf9310
Event: 916.947 Thread 0x0000014cebac0ae0 DEOPT UNPACKING pc=0x0000014ccd79ace3 sp=0x000000031ccf87d8 mode 0

Classes unloaded (7 events):
Event: 10.755 Thread 0x0000014cdd351350 Unloading class 0x0000000100c69c00 'java/lang/invoke/LambdaForm$DMH+0x0000000100c69c00'
Event: 10.755 Thread 0x0000014cdd351350 Unloading class 0x0000000100c69800 'java/lang/invoke/LambdaForm$DMH+0x0000000100c69800'
Event: 10.755 Thread 0x0000014cdd351350 Unloading class 0x0000000100c69400 'java/lang/invoke/LambdaForm$DMH+0x0000000100c69400'
Event: 10.755 Thread 0x0000014cdd351350 Unloading class 0x0000000100c68400 'java/lang/invoke/LambdaForm$DMH+0x0000000100c68400'
Event: 10.755 Thread 0x0000014cdd351350 Unloading class 0x0000000100c68800 'java/lang/invoke/LambdaForm$DMH+0x0000000100c68800'
Event: 10.755 Thread 0x0000014cdd351350 Unloading class 0x0000000100c68c00 'java/lang/invoke/LambdaForm$DMH+0x0000000100c68c00'
Event: 10.755 Thread 0x0000014cdd351350 Unloading class 0x0000000100c69000 'java/lang/invoke/LambdaForm$DMH+0x0000000100c69000'

Classes redefined (0 events):
No events

Internal exceptions (20 events):
Event: 889.281 Thread 0x0000014ce203c2b0 Exception <a 'sun/nio/fs/WindowsException'{0x00000000947a5b70}> (0x00000000947a5b70) 
thrown [s\src\hotspot\share\prims\jni.cpp, line 517]
Event: 889.305 Thread 0x0000014cea490cb0 Exception <a 'sun/nio/fs/WindowsException'{0x00000000942e7708}> (0x00000000942e7708) 
thrown [s\src\hotspot\share\prims\jni.cpp, line 517]
Event: 889.325 Thread 0x0000014cea490cb0 Exception <a 'sun/nio/fs/WindowsException'{0x0000000093feb7e8}> (0x0000000093feb7e8) 
thrown [s\src\hotspot\share\prims\jni.cpp, line 517]
Event: 889.336 Thread 0x0000014ce203b440 Exception <a 'sun/nio/fs/WindowsException'{0x0000000093e8d430}> (0x0000000093e8d430) 
thrown [s\src\hotspot\share\prims\jni.cpp, line 517]
Event: 889.339 Thread 0x0000014ce203b440 Exception <a 'sun/nio/fs/WindowsException'{0x0000000093d35738}> (0x0000000093d35738) 
thrown [s\src\hotspot\share\prims\jni.cpp, line 517]
Event: 889.343 Thread 0x0000014cea48fe40 Exception <a 'sun/nio/fs/WindowsException'{0x0000000093d63ca0}> (0x0000000093d63ca0) 
thrown [s\src\hotspot\share\prims\jni.cpp, line 517]
Event: 889.343 Thread 0x0000014cea48fe40 Exception <a 'sun/nio/fs/WindowsException'{0x0000000093d64118}> (0x0000000093d64118) 
thrown [s\src\hotspot\share\prims\jni.cpp, line 517]
Event: 889.346 Thread 0x0000014ce07cb250 Exception <a 'sun/nio/fs/WindowsException'{0x000000009418b8e8}> (0x000000009418b8e8) 
thrown [s\src\hotspot\share\prims\jni.cpp, line 517]
Event: 889.351 Thread 0x0000014ce07cb250 Exception <a 'sun/nio/fs/WindowsException'{0x0000000093df54f0}> (0x0000000093df54f0) 
thrown [s\src\hotspot\share\prims\jni.cpp, line 517]
Event: 889.437 Thread 0x0000014cebac0ae0 Exception <a 'sun/nio/fs/WindowsException'{0x0000000093775950}> (0x0000000093775950) 
thrown [s\src\hotspot\share\prims\jni.cpp, line 517]
Event: 889.437 Thread 0x0000014cebac0ae0 Exception <a 'sun/nio/fs/WindowsException'{0x0000000093775db8}> (0x0000000093775db8) 
thrown [s\src\hotspot\share\prims\jni.cpp, line 517]
Event: 889.437 Thread 0x0000014cebac0ae0 Exception <a 'sun/nio/fs/WindowsException'{0x0000000093777cd8}> (0x0000000093777cd8) 
thrown [s\src\hotspot\share\prims\jni.cpp, line 517]
Event: 901.490 Thread 0x0000014ce02b5c30 Exception <a 'java/io/IOException'{0x0000000093408e78}> (0x0000000093408e78) 
thrown [s\src\hotspot\share\prims\jni.cpp, line 517]
Event: 916.897 Thread 0x0000014cebac0ae0 Exception <a 'sun/nio/fs/WindowsException'{0x0000000091392cf0}> (0x0000000091392cf0) 
thrown [s\src\hotspot\share\prims\jni.cpp, line 517]
Event: 916.924 Thread 0x0000014cebac0ae0 Exception <a 'java/lang/NoClassDefFoundError'{0x0000000090e2e8d0}: org/jetbrains/kotlin/gradle/plugin/KotlinBasePluginWrapper> (0x0000000090e2e8d0) 
thrown [s\src\hotspot\share\oops\constantPool.cpp, line 835]
Event: 916.938 Thread 0x0000014cebac0ae0 Exception <a 'sun/nio/fs/WindowsException'{0x0000000090b7b7c0}> (0x0000000090b7b7c0) 
thrown [s\src\hotspot\share\prims\jni.cpp, line 517]
Event: 916.945 Thread 0x0000014cebac0ae0 Exception <a 'sun/nio/fs/WindowsException'{0x0000000090a14f58}> (0x0000000090a14f58) 
thrown [s\src\hotspot\share\prims\jni.cpp, line 517]
Event: 916.945 Thread 0x0000014cebac0ae0 Exception <a 'sun/nio/fs/WindowsException'{0x0000000090a16340}> (0x0000000090a16340) 
thrown [s\src\hotspot\share\prims\jni.cpp, line 517]
Event: 916.945 Thread 0x0000014cebac0ae0 Exception <a 'sun/nio/fs/WindowsException'{0x0000000090a17778}> (0x0000000090a17778) 
thrown [s\src\hotspot\share\prims\jni.cpp, line 517]
Event: 916.945 Thread 0x0000014cebac0ae0 Exception <a 'sun/nio/fs/WindowsException'{0x0000000090a18e38}> (0x0000000090a18e38) 
thrown [s\src\hotspot\share\prims\jni.cpp, line 517]

VM Operations (20 events):
Event: 736.081 Executing VM operation: Cleanup
Event: 736.082 Executing VM operation: Cleanup done
Event: 842.174 Executing VM operation: Cleanup
Event: 842.174 Executing VM operation: Cleanup done
Event: 870.433 Executing VM operation: Cleanup
Event: 870.433 Executing VM operation: Cleanup done
Event: 888.647 Executing VM operation: G1CollectForAllocation
Event: 888.653 Executing VM operation: G1CollectForAllocation done
Event: 889.200 Executing VM operation: ICBufferFull
Event: 889.200 Executing VM operation: ICBufferFull done
Event: 889.356 Executing VM operation: ICBufferFull
Event: 889.357 Executing VM operation: ICBufferFull done
Event: 890.368 Executing VM operation: Cleanup
Event: 890.368 Executing VM operation: Cleanup done
Event: 892.378 Executing VM operation: Cleanup
Event: 892.378 Executing VM operation: Cleanup done
Event: 902.470 Executing VM operation: Cleanup
Event: 902.470 Executing VM operation: Cleanup done
Event: 917.612 Executing VM operation: Cleanup
Event: 917.971 Executing VM operation: Cleanup done

Events (20 events):
Event: 916.857 Thread 0x0000014ce5cdb7f0 Thread added: 0x0000014ce5cdb7f0
Event: 916.858 Thread 0x0000014ce5cdece0 Thread added: 0x0000014ce5cdece0
Event: 916.858 Thread 0x0000014ce5cdd4d0 Thread added: 0x0000014ce5cdd4d0
Event: 916.858 Thread 0x0000014ce5cdc660 Thread added: 0x0000014ce5cdc660
Event: 916.858 Thread 0x0000014ce5cdcb30 Thread added: 0x0000014ce5cdcb30
Event: 916.858 Thread 0x0000014ce5cdbcc0 Thread added: 0x0000014ce5cdbcc0
Event: 916.858 Thread 0x0000014ce5cdf1b0 Thread added: 0x0000014ce5cdf1b0
Event: 916.858 Thread 0x0000014ce5cdde70 Thread added: 0x0000014ce5cdde70
Event: 916.858 Thread 0x0000014ce5cde340 Thread added: 0x0000014ce5cde340
Event: 916.859 Thread 0x0000014ce5cdc190 Thread added: 0x0000014ce5cdc190
Event: 916.859 Thread 0x0000014ce5cdd000 Thread added: 0x0000014ce5cdd000
Event: 916.859 Thread 0x0000014ce5cdd9a0 Thread added: 0x0000014ce5cdd9a0
Event: 916.859 Thread 0x0000014ce5cde810 Thread added: 0x0000014ce5cde810
Event: 916.859 Thread 0x0000014ce05efc90 Thread added: 0x0000014ce05efc90
Event: 916.859 Thread 0x0000014ce05f0fd0 Thread added: 0x0000014ce05f0fd0
Event: 916.859 Thread 0x0000014ce05f14a0 Thread added: 0x0000014ce05f14a0
Event: 916.886 Thread 0x0000014cea493330 Thread added: 0x0000014cea493330
Event: 917.970 Thread 0x0000014cea491ff0 Thread added: 0x0000014cea491ff0
Event: 917.972 Thread 0x0000014cde0e9730 Thread added: 0x0000014cde0e9730
Event: 917.972 Thread 0x0000014cde0ea0d0 Thread added: 0x0000014cde0ea0d0


Dynamic libraries:
0x00007ff6b57e0000 - 0x00007ff6b57ea000 	C:\Program Files\Android\Android Studio\jbr\bin\java.exe
0x00007ffb2ce20000 - 0x00007ffb2d087000 	C:\WINDOWS\SYSTEM32\ntdll.dll
0x00007ffb2bda0000 - 0x00007ffb2be69000 	C:\WINDOWS\System32\KERNEL32.DLL
0x00007ffb29f70000 - 0x00007ffb2a35f000 	C:\WINDOWS\System32\KERNELBASE.dll
0x00007ffb2a7a0000 - 0x00007ffb2a8eb000 	C:\WINDOWS\System32\ucrtbase.dll
0x00007ffad2330000 - 0x00007ffad2347000 	C:\Program Files\Android\Android Studio\jbr\bin\jli.dll
0x00007ffb21d30000 - 0x00007ffb21d4b000 	C:\Program Files\Android\Android Studio\jbr\bin\VCRUNTIME140.dll
0x00007ffb2c6d0000 - 0x00007ffb2c895000 	C:\WINDOWS\System32\USER32.dll
0x00007ffb1a370000 - 0x00007ffb1a603000 	C:\WINDOWS\WinSxS\amd64_microsoft.windows.common-controls_6595b64144ccf1df_6.0.26100.7309_none_3e05feeae336a044\COMCTL32.dll
0x00007ffb2a370000 - 0x00007ffb2a397000 	C:\WINDOWS\System32\win32u.dll
0x00007ffb2cb00000 - 0x00007ffb2cba9000 	C:\WINDOWS\System32\msvcrt.dll
0x00007ffb2be70000 - 0x00007ffb2be9b000 	C:\WINDOWS\System32\GDI32.dll
0x00007ffb2a510000 - 0x00007ffb2a63c000 	C:\WINDOWS\System32\gdi32full.dll
0x00007ffb2a6f0000 - 0x00007ffb2a793000 	C:\WINDOWS\System32\msvcp_win.dll
0x00007ffb2c930000 - 0x00007ffb2c961000 	C:\WINDOWS\System32\IMM32.DLL
0x00007ffb21d20000 - 0x00007ffb21d2c000 	C:\Program Files\Android\Android Studio\jbr\bin\vcruntime140_1.dll
0x00007ffaf1580000 - 0x00007ffaf160d000 	C:\Program Files\Android\Android Studio\jbr\bin\msvcp140.dll
0x00007ffad0220000 - 0x00007ffad0e8e000 	C:\Program Files\Android\Android Studio\jbr\bin\server\jvm.dll
0x00007ffb2abc0000 - 0x00007ffb2ac74000 	C:\WINDOWS\System32\ADVAPI32.dll
0x00007ffb2bc80000 - 0x00007ffb2bd26000 	C:\WINDOWS\System32\sechost.dll
0x00007ffb2c120000 - 0x00007ffb2c238000 	C:\WINDOWS\System32\RPCRT4.dll
0x00007ffb1f710000 - 0x00007ffb1f71b000 	C:\WINDOWS\SYSTEM32\VERSION.dll
0x00007ffb221c0000 - 0x00007ffb221ca000 	C:\WINDOWS\SYSTEM32\WSOCK32.dll
0x00007ffb1bd60000 - 0x00007ffb1bd95000 	C:\WINDOWS\SYSTEM32\WINMM.dll
0x00007ffb2bfa0000 - 0x00007ffb2c014000 	C:\WINDOWS\System32\WS2_32.dll
0x00007ffb28ce0000 - 0x00007ffb28cfb000 	C:\WINDOWS\SYSTEM32\kernel.appcore.dll
0x00007ffb12ad0000 - 0x00007ffb12ada000 	C:\Program Files\Android\Android Studio\jbr\bin\jimage.dll
0x00007ffb27010000 - 0x00007ffb27252000 	C:\WINDOWS\SYSTEM32\DBGHELP.DLL
0x00007ffb2b7a0000 - 0x00007ffb2bb25000 	C:\WINDOWS\System32\combase.dll
0x00007ffb2c040000 - 0x00007ffb2c116000 	C:\WINDOWS\System32\OLEAUT32.dll
0x00007ffb14eb0000 - 0x00007ffb14eec000 	C:\WINDOWS\SYSTEM32\dbgcore.DLL
0x00007ffb2a640000 - 0x00007ffb2a6e5000 	C:\WINDOWS\System32\bcryptPrimitives.dll
0x00007ffad2770000 - 0x00007ffad2795000 	C:\Program Files\Android\Android Studio\jbr\bin\java.dll
0x00007ffad2750000 - 0x00007ffad2768000 	C:\Program Files\Android\Android Studio\jbr\bin\zip.dll
0x00007ffb2b040000 - 0x00007ffb2b793000 	C:\WINDOWS\System32\SHELL32.dll
0x00007ffb2a3a0000 - 0x00007ffb2a50a000 	C:\WINDOWS\System32\wintypes.dll
0x00007ffb27b30000 - 0x00007ffb2838e000 	C:\WINDOWS\SYSTEM32\windows.storage.dll
0x00007ffb2bea0000 - 0x00007ffb2bf95000 	C:\WINDOWS\System32\SHCORE.dll
0x00007ffb2bd30000 - 0x00007ffb2bd96000 	C:\WINDOWS\System32\shlwapi.dll
0x00007ffb29e90000 - 0x00007ffb29eb9000 	C:\WINDOWS\SYSTEM32\profapi.dll
0x00007ffad2730000 - 0x00007ffad2749000 	C:\Program Files\Android\Android Studio\jbr\bin\net.dll
0x00007ffb22db0000 - 0x00007ffb22ed8000 	C:\WINDOWS\SYSTEM32\WINHTTP.dll
0x00007ffb29230000 - 0x00007ffb2929b000 	C:\WINDOWS\system32\mswsock.dll
0x00007ffad2710000 - 0x00007ffad2726000 	C:\Program Files\Android\Android Studio\jbr\bin\nio.dll
0x00007ffb12aa0000 - 0x00007ffb12ab0000 	C:\Program Files\Android\Android Studio\jbr\bin\verify.dll
0x00007ffb21cf0000 - 0x00007ffb21d17000 	C:\Users\alunoinfo.DESKTOP-FFTGG6Q\.gradle\native\68d5fa5c4cc2d200863cafc0d521ce42e7d3e7ee720ec0a83991735586a16f82\windows-amd64\native-platform.dll
0x00007ffaeaa00000 - 0x00007ffaeab44000 	C:\Users\alunoinfo.DESKTOP-FFTGG6Q\.gradle\native\e376f236ea51e6404a007f0833ffe2c6e607c4080706a723a18a27aeea778392\windows-amd64\native-platform-file-events.dll
0x00007ffb06ea0000 - 0x00007ffb06ea9000 	C:\Program Files\Android\Android Studio\jbr\bin\management.dll
0x00007ffaf0a70000 - 0x00007ffaf0a7b000 	C:\Program Files\Android\Android Studio\jbr\bin\management_ext.dll
0x00007ffb2ace0000 - 0x00007ffb2ace8000 	C:\WINDOWS\System32\PSAPI.DLL
0x00007ffb29620000 - 0x00007ffb2963b000 	C:\WINDOWS\SYSTEM32\CRYPTSP.dll
0x00007ffb28c40000 - 0x00007ffb28c7a000 	C:\WINDOWS\system32\rsaenh.dll
0x00007ffb292e0000 - 0x00007ffb2930b000 	C:\WINDOWS\SYSTEM32\USERENV.dll
0x00007ffb29e60000 - 0x00007ffb29e8a000 	C:\WINDOWS\SYSTEM32\bcrypt.dll
0x00007ffb29600000 - 0x00007ffb2960c000 	C:\WINDOWS\SYSTEM32\CRYPTBASE.dll
0x00007ffb28780000 - 0x00007ffb287b4000 	C:\WINDOWS\SYSTEM32\IPHLPAPI.DLL
0x00007ffb2cbb0000 - 0x00007ffb2cbba000 	C:\WINDOWS\System32\NSI.dll
0x00007ffb23cd0000 - 0x00007ffb23cee000 	C:\WINDOWS\SYSTEM32\dhcpcsvc6.DLL
0x00007ffb23c10000 - 0x00007ffb23c33000 	C:\WINDOWS\SYSTEM32\dhcpcsvc.DLL
0x00007ffb28860000 - 0x00007ffb2898c000 	C:\WINDOWS\SYSTEM32\DNSAPI.dll
0x00007ffad4f90000 - 0x00007ffad4f98000 	C:\WINDOWS\system32\wshunix.dll
0x00007ffb28e00000 - 0x00007ffb28e36000 	C:\WINDOWS\SYSTEM32\ntmarta.dll

dbghelp: loaded successfully - version: 4.0.5 - missing functions: none
symbol engine: initialized successfully - sym options: 0x614 - pdb path: .;C:\Program Files\Android\Android Studio\jbr\bin;C:\WINDOWS\SYSTEM32;C:\WINDOWS\WinSxS\amd64_microsoft.windows.common-controls_6595b64144ccf1df_6.0.26100.7309_none_3e05feeae336a044;C:\Program Files\Android\Android Studio\jbr\bin\server;C:\Users\alunoinfo.DESKTOP-FFTGG6Q\.gradle\native\68d5fa5c4cc2d200863cafc0d521ce42e7d3e7ee720ec0a83991735586a16f82\windows-amd64;C:\Users\alunoinfo.DESKTOP-FFTGG6Q\.gradle\native\e376f236ea51e6404a007f0833ffe2c6e607c4080706a723a18a27aeea778392\windows-amd64

VM Arguments:
jvm_args: --add-opens=java.base/java.util=ALL-UNNAMED --add-opens=java.base/java.lang=ALL-UNNAMED --add-opens=java.base/java.lang.invoke=ALL-UNNAMED --add-opens=java.prefs/java.util.prefs=ALL-UNNAMED --add-opens=java.base/java.nio.charset=ALL-UNNAMED --add-opens=java.base/java.net=ALL-UNNAMED --add-opens=java.base/java.util.concurrent.atomic=ALL-UNNAMED -Xmx2048m -Dfile.encoding=UTF-8 -Duser.country=BR -Duser.language=pt -Duser.variant 
java_command: org.gradle.launcher.daemon.bootstrap.GradleDaemon 8.0
java_class_path (initial): C:\Users\alunoinfo.DESKTOP-FFTGG6Q\.gradle\wrapper\dists\gradle-8.0-bin\ca5e32bp14vu59qr306oxotwh\gradle-8.0\lib\gradle-launcher-8.0.jar
Launcher Type: SUN_STANDARD

[Global flags]
     intx CICompilerCount                          = 4                                         {product} {ergonomic}
     uint ConcGCThreads                            = 2                                         {product} {ergonomic}
     uint G1ConcRefinementThreads                  = 8                                         {product} {ergonomic}
   size_t G1HeapRegionSize                         = 1048576                                   {product} {ergonomic}
    uintx GCDrainStackTargetSize                   = 64                                        {product} {ergonomic}
   size_t InitialHeapSize                          = 264241152                                 {product} {ergonomic}
   size_t MarkStackSize                            = 4194304                                   {product} {ergonomic}
   size_t MaxHeapSize                              = 2147483648                                {product} {command line}
   size_t MaxNewSize                               = 1287651328                                {product} {ergonomic}
   size_t MinHeapDeltaBytes                        = 1048576                                   {product} {ergonomic}
   size_t MinHeapSize                              = 8388608                                   {product} {ergonomic}
    uintx NonNMethodCodeHeapSize                   = 5839372                                {pd product} {ergonomic}
    uintx NonProfiledCodeHeapSize                  = 122909434                              {pd product} {ergonomic}
    uintx ProfiledCodeHeapSize                     = 122909434                              {pd product} {ergonomic}
    uintx ReservedCodeCacheSize                    = 251658240                              {pd product} {ergonomic}
     bool SegmentedCodeCache                       = true                                      {product} {ergonomic}
   size_t SoftMaxHeapSize                          = 2147483648                             {manageable} {ergonomic}
     bool UseCompressedClassPointers               = true                           {product lp64_product} {ergonomic}
     bool UseCompressedOops                        = true                           {product lp64_product} {ergonomic}
     bool UseG1GC                                  = true                                      {product} {ergonomic}
     bool UseLargePagesIndividualAllocation        = false                                  {pd product} {ergonomic}

Logging:
Log output configuration:
 #0: stdout all=warning uptime,level,tags
 #1: stderr all=off uptime,level,tags

Environment Variables:
PATH=C:\Program Files\Common Files\Oracle\Java\javapath;C:\Program Files\Python313\Scripts\;C:\Program Files\Python313\;C:\WINDOWS\system32;C:\WINDOWS;C:\WINDOWS\System32\Wbem;C:\WINDOWS\System32\WindowsPowerShell\v1.0\;C:\WINDOWS\System32\OpenSSH\;C:\ProgramData\UNIVALI\Portugol Studio;C:\Program Files\Microsoft SQL Server\Client SDK\ODBC\170\Tools\Binn\;C:\Program Files\Microsoft SQL Server\150\Tools\Binn\;C:\Program Files\Microsoft SQL Server\170\Tools\Binn\;C:\Program Files\dotnet\;C:\wamp64\bin\php\php8.3.14;C:\ProgramData\ComposerSetup\bin;C:\Program Files\MySQL\MySQL Shell 8.0\bin\;C:\Users\alunoinfo.DESKTOP-FFTGG6Q\AppData\Local\Microsoft\WindowsApps;C:\Users\alunoinfo.DESKTOP-FFTGG6Q\AppData\Local\Programs\Microsoft VS Code\bin;C:\Users\alunoinfo.DESKTOP-FFTGG6Q\.dotnet\tools;C:\Users\alunoinfo.DESKTOP-FFTGG6Q\AppData\Roaming\Composer\vendor\bin
USERNAME=alunoinfo
OS=Windows_NT
PROCESSOR_IDENTIFIER=Intel64 Family 6 Model 140 Stepping 1, GenuineIntel
TMP=C:\Users\ALUNOI~1.DES\AppData\Local\Temp
TEMP=C:\Users\ALUNOI~1.DES\AppData\Local\Temp


JNI global refs:
JNI global refs: 26, weak refs: 11

JNI global refs memory usage: 843, weak refs: 841


---------------  S Y S T E M  ---------------

OS:
 Windows 11 , 64 bit Build 26100 (10.0.26100.7309)
OS uptime: 0 days 2:48 hours
Hyper-V role detected

CPU: total 8 (initial active 8) (4 cores per cpu, 2 threads per core) family 6 model 140 stepping 1 microcode 0x9a, cx8, cmov, fxsr, ht, mmx, 3dnowpref, sse, sse2, sse3, ssse3, sse4.1, sse4.2, popcnt, lzcnt, tsc, tscinvbit, avx, avx2, aes, erms, clmul, bmi1, bmi2, adx, avx512f, avx512dq, avx512cd, avx512bw, avx512vl, sha, fma, vzeroupper, avx512_vpopcntdq, avx512_vpclmulqdq, avx512_vaes, avx512_vnni, clflush, clflushopt, clwb, avx512_vbmi2, avx512_vbmi, hv

Memory: 4k page, system-wide physical 16039M (347M free)
TotalPageFile size 17063M (AvailPageFile size 4M)
current process WorkingSet (physical memory assigned to process): 579M, peak: 806M
current process commit charge ("private bytes"): 816M, peak: 845M

vm_info: OpenJDK 64-Bit Server VM (17.0.6+0-b2043.56-10027231) for windows-amd64 JRE (17.0.6+0-b2043.56-10027231), built on Apr 28 2023 00:43:19 by "androidbuild" with MS VC++ 16.10 / 16.11 (VS2019)

END.
